truncate comment cascade;
truncate promotion cascade;
truncate place cascade;
truncate product cascade;
truncate product_artist cascade;
truncate career cascade;
truncate artist cascade;
truncate theme cascade;

INSERT INTO public.place (id, address, description, homepage, img_url, name, telephone, thumbnail_img_url) VALUES (1, '서울특별시 종로구 세종대로 175(세종로)', '오시는길<br>▶ 지하철<br>*1호선 시청역 하차- 3번 출구로 나오셔서 코리아나 호텔 방향으로 계속 걸어오시면세종문화회관을 만나실 수 있습니다.<br>*2호선 시청역 하차<br>- 3번 출구로 나오셔서 덕수궁을 지나 코리아나 호텔 방향으로 계속 걸어오시면 세종문화회관을 만나실 수 있습니다.<br>*3호선 경복궁역하차<br>- 6번, 7번 출구로 나오셔서 외환은행 방향으로 계속 걸어오시면 세종문화회관을 만나실 수 있습니다.<br>*5호선 광화문역하차<br>- 1번, 8번 출구로 나오시면 바로 세종문화회관을 만나실 수 있습니다.<br>▶버스<br>*세종문화회관 하차:<br>01 9602 0015 1-1 1011 150 162 1711 200 401 402 406 5001 5500 7018 7022 7023 704 9301<br>9400 9401 9402 9411 9600 9601 9706 9713 삼청마을버스<br>*한국통신앞 하차:<br>01 1-1 150 200 7020 삼청마을버스<br>*교보빌딩앞 하차:<br>0015 0212 1011 1020 162 606 7012 7018 9703 9704 9711 9712<br>*미국대사관앞 하차: 0015 0212 1012 1020 1711 5001 7012', 'http://www.sejongpac.or.kr/', 'http://ticketimage.interpark.com/Play/Place/00202.gif', '세종문화회관', '02-399-1114~6', 'http://ticketimage.interpark.com/Play/Place/00202.gif');
INSERT INTO public.place (id, address, description, homepage, img_url, name, telephone, thumbnail_img_url) VALUES (2, '서울특별시 서초구 서초동 700번지', '오시는길<br>▶ 지하철<br>*3호선 남부터미널역 5번 출구<br>- 도보이동 (약 5~10분 소요)<br>- 마을버스 22번(초록색)을 타고 두 정거장 이동<br>- 셔틀버스 이용 (마을버스와 동일한 경로)<br><br>*2호선 서초역 3번 출구<br>- 마을버스 11번(초록색)을 타고 네 정거장 이동<br>- 도보이동 (약 20~25분 소요)<br><br>*4호선 사당역 1번 출구<br>- 마을버스 17번(초록색)을 타고 16개 정거장 이동<br><br>▶ 버스<br><br>간선 406, 405<br>지선 5413<br>직행 1500-2, 1553<br>마을 서초11, 서초17, 서초22<br><br><셔틀버스 운행정보><br><br>운행노선<br>남부터미널역 5번출구 마을버스 정류장 승차 → 전당앞 스타벅스 하차<br>*마지막 버스는 음악당 주차장에서 하차합니다.<br><br>운행시간<br>평일 : 저녁 6시 30분 ~ 7시 30분<br>토·일·공휴일 : 오후 1시 30분 ~ 2시 30분 / 저녁 6시 30분 ~ 7시 30분<br>* 월요일과 공연없는 날에는 운행하지 않습니다.<br>* 오전 공연에는 운행하지 않습니다.<br><br>배차횟수<br>배차간격은 교통상황에 따라 변동됩니다.<br><br>승차장안내<br>관련 법규에 의거, 예술의전당 셔틀버스는 사설운행에 해당되어 도로변에 셔틀버스 이정표 설치나 버스정류장에 셔틀버스 안내문 부착이 불가함을 양지하여 주시기 바라며, 예술의전당 셔틀버스는 항상 남부터미널 5번 출구 마을버스 정류장에서 출발하오니 안심하시고 이용하시기 바랍나다', 'http://www.sac.or.kr', 'http://ticketimage.interpark.com/Play/Place/00020.gif', '예술의 전당', ' 02-580-1300', 'http://ticketimage.interpark.com/Play/Place/00020.gif');
INSERT INTO public.place (id, address, description, homepage, img_url, name, telephone, thumbnail_img_url) VALUES (3, '서울시 중구 퇴계로 387', '▶버스<br>◎ 파란(간선)버스<br>142, 147, 263, 302, 371 신당동 사거리(중부소방서)에서 하차<br>◎ 녹색(지선)버스<br>1017, 2012, 2014, 2015, 2233, 0211 신당동 사거리(중부소방서)에서 하차<br>◎ 빨간(광역)버스<br>9403 충무아트홀(중부소방서)에서 하차<br><br>▶지하철<br>◎ 지하철 6호선 신당역 9번 출입구 → 동대문역사문화공원 방향으로 50m<br>◎ 지하철 2호선 신당역 1번 출입구 → 동대문역사문화공원 방향으로 150m<br>◎ 지하철 2/4/5호선 동대문역사문화공원역 2번 출입구 → 신당역 사거리방향으로 300m<br><br>▶ 좌석수<br>-대극장 – 1,255석<br>-중극장 블랙 – 327석<br>-소극장 블루 - 230석', 'http://www.caci.or.kr', 'http://ticketimage.interpark.com/Play/Place/05000039.gif', '충무아트센터', '02-2230-6600', 'http://ticketimage.interpark.com/Play/Place/05000039.gif');

INSERT INTO public.product (id, category, created_date_time, description, img_url, modified_date_time, r_rated, release_end_time, release_start_time, running_time, thumbnail_img_url, title, place_id, pod, serial) VALUES (80, 0, '2020-08-17 21:41:41.645000', null, 'http://ticketimage.interpark.com/Play/image/large/19/19018229_p.gif', '2020-08-17 21:41:41.645000', null, '2020-08-14 16:00:39.618000', '2020-08-15 16:00:39.618000', null, 'http://ticketimage.interpark.com/TCMS3.0/PL/TOP_2/2001/200120034842_15012361.gif', 'TEST', 1, null, '4b861270-71e1-4807-bb83-04b6e680ef2e');
INSERT INTO public.product (id, category, created_date_time, description, img_url, modified_date_time, r_rated, release_end_time, release_start_time, running_time, thumbnail_img_url, title, place_id, pod, serial) VALUES (81, 0, '2020-08-17 21:44:50.478000', null, 'http://ticketimage.interpark.com/Play/image/large/19/19018229_p.gif', '2020-08-17 21:44:50.479000', null, '2020-08-14 16:00:39.618000', '2020-08-15 16:00:39.618000', null, 'http://ticketimage.interpark.com/TCMS3.0/PL/TOP_2/2001/200120034842_15012361.gif', 'TEST', 1, null, '435f71cb-bd0e-494a-b3e2-a5f687e33541');
INSERT INTO public.product (id, category, created_date_time, description, img_url, modified_date_time, r_rated, release_end_time, release_start_time, running_time, thumbnail_img_url, title, place_id, pod, serial) VALUES (82, 0, '2020-08-17 21:44:56.234000', null, 'http://ticketimage.interpark.com/Play/image/large/19/19018229_p.gif', '2020-08-17 21:44:56.234000', null, '2020-08-14 16:00:39.618000', '2020-08-15 16:00:39.618000', null, 'http://ticketimage.interpark.com/TCMS3.0/PL/TOP_2/2001/200120034842_15012361.gif', 'TEST', 1, null, '4636a2d6-da19-4223-b2b9-9e08d4b429b0');
INSERT INTO public.product (id, category, created_date_time, description, img_url, modified_date_time, r_rated, release_end_time, release_start_time, running_time, thumbnail_img_url, title, place_id, pod, serial) VALUES (83, 0, '2020-08-17 21:45:14.338000', null, 'http://ticketimage.interpark.com/Play/image/large/19/19018229_p.gif', '2020-08-17 21:45:14.338000', null, '2020-08-14 16:00:39.618000', '2020-08-15 16:00:39.618000', null, 'http://ticketimage.interpark.com/TCMS3.0/PL/TOP_2/2001/200120034842_15012361.gif', 'TEST', 1, null, '64390cd4-5cd2-41bc-9fce-2216ebbfa582');
INSERT INTO public.product (id, category, created_date_time, description, img_url, modified_date_time, r_rated, release_end_time, release_start_time, running_time, thumbnail_img_url, title, place_id, pod, serial) VALUES (84, 0, '2020-08-17 21:45:30.375000', null, 'http://ticketimage.interpark.com/Play/image/large/19/19018229_p.gif', '2020-08-17 21:45:30.375000', null, '2020-08-14 16:00:39.618000', '2020-08-15 16:00:39.618000', null, 'http://ticketimage.interpark.com/TCMS3.0/PL/TOP_2/2001/200120034842_15012361.gif', 'TEST', 1, null, '22a1fc05-87e8-4ba1-874e-51d1b9957ae7');
INSERT INTO public.product (id, category, created_date_time, description, img_url, modified_date_time, r_rated, release_end_time, release_start_time, running_time, thumbnail_img_url, title, place_id, pod, serial) VALUES (75, 1, '2020-08-17 20:52:58.547000', null, 'http://ticketimage.interpark.com/Play/image/large/19/19018229_p.gif', '2020-08-18 03:00:00.596000', null, '2020-08-17 11:43:25.272000', '2020-08-17 11:43:25.272000', null, 'http://ticketimage.interpark.com/TCMS3.0/PL/TOP_2/2001/200120034842_15012361.gif', 'string', 3, 0, '26bfb661-7ef2-469f-8382-20d753bc634b');
INSERT INTO public.product (id, category, created_date_time, description, img_url, modified_date_time, r_rated, release_end_time, release_start_time, running_time, thumbnail_img_url, title, place_id, pod, serial) VALUES (77, 1, '2020-08-17 20:56:44.162000', null, 'http://ticketimage.interpark.com/Play/image/large/19/19018229_p.gif', '2020-08-18 03:00:00.606000', null, '2020-08-17 11:43:25.272000', '2020-08-17 11:43:25.272000', null, 'http://ticketimage.interpark.com/TCMS3.0/PL/TOP_2/2001/200120034842_15012361.gif', 'string', 3, 0, 'a950d624-7ddc-4cee-93c3-fbde4a7461d9');
INSERT INTO public.product (id, category, created_date_time, description, img_url, modified_date_time, r_rated, release_end_time, release_start_time, running_time, thumbnail_img_url, title, place_id, pod, serial) VALUES (79, 3, '2020-08-17 21:41:28.061000', null, 'http://ticketimage.interpark.com/Play/image/large/19/19018229_p.gif', '2020-08-18 03:00:00.615000', null, '2020-08-17 12:38:21.963000', '2020-08-17 12:38:21.963000', null, 'http://ticketimage.interpark.com/TCMS3.0/PL/TOP_2/2001/200120034842_15012361.gif', 'TEST', 1, 0, 'f01628a9-2147-4d6b-ad0a-a15ef960ff95');
INSERT INTO public.product (id, category, created_date_time, description, img_url, modified_date_time, r_rated, release_end_time, release_start_time, running_time, thumbnail_img_url, title, place_id, pod, serial) VALUES (86, 0, '2020-08-18 03:02:11.224000', null, 'http://ticketimage.interpark.com/Play/image/large/19/19018229_p.gif', '2020-08-18 03:02:11.224000', null, '2020-09-03 15:00:00.000000', '2020-07-27 15:00:00.000000', null, 'http://ticketimage.interpark.com/TCMS3.0/PL/TOP_2/2001/200120034842_15012361.gif', '즐거운 노래교실', 1, null, '8315a3c3-b5e3-456c-b942-d5369848239d');
INSERT INTO public.product (id, category, created_date_time, description, img_url, modified_date_time, r_rated, release_end_time, release_start_time, running_time, thumbnail_img_url, title, place_id, pod, serial) VALUES (87, 0, '2020-08-18 03:04:52.106000', null, 'http://ticketimage.interpark.com/Play/image/large/19/19018229_p.gif', '2020-08-18 03:04:52.106000', null, '2020-09-03 15:00:00.000000', '2020-07-27 15:00:00.000000', null, 'http://ticketimage.interpark.com/TCMS3.0/PL/TOP_2/2001/200120034842_15012361.gif', '즐거운 노래교실2', 1, null, '4b59e9ef-7095-4e5a-ab31-ac6654a3bfbc');
INSERT INTO public.product (id, category, created_date_time, description, img_url, modified_date_time, r_rated, release_end_time, release_start_time, running_time, thumbnail_img_url, title, place_id, pod, serial) VALUES (92, 1, '2020-08-18 21:57:41.926000', null, 'http://ticketimage.interpark.com/Play/image/large/19/19018229_p.gif', '2020-08-18 21:57:41.926000', null, '2020-09-21 15:00:00.000000', '2020-08-18 15:00:00.000000', null, 'http://ticketimage.interpark.com/TCMS3.0/PL/TOP_2/2001/200120034842_15012361.gif', 'OIDC공연', 1, null, 'c20ac76b-befe-4f7b-9177-93ad89b09e22');
INSERT INTO public.product (id, category, created_date_time, description, img_url, modified_date_time, r_rated, release_end_time, release_start_time, running_time, thumbnail_img_url, title, place_id, pod, serial) VALUES (3, 0, '2020-02-25 00:00:00.000000', '2020 Theatre 이문세부산을 찾아갑니다.', 'http://ticketimage.interpark.com/Play/image/large/20/20005839_p.gif', '2020-06-06 00:00:00.000000', 2, '2020-09-20 00:00:00.000000', '2020-08-10 00:00:00.000000', 120, 'http://ticketimage.interpark.com/TCMS3.0/CO/TOP/2007/200730070311_20000378.gif', '［ 2020 Theatre 이문세 ］- 강릉', 3, 0, 'bef8cc08-aaf1-4510-914f-d75be2bf58cb');
INSERT INTO public.product (id, category, created_date_time, description, img_url, modified_date_time, r_rated, release_end_time, release_start_time, running_time, thumbnail_img_url, title, place_id, pod, serial) VALUES (12, 0, '2020-02-25 00:00:00.000000', '비하인트 스토리 토크로 구성됩니다.', 'http://ticketimage.interpark.com/Play/image/large/19/19008458_p.gif', '2020-06-06 00:00:00.000000', 1, '2020-08-20 00:00:00.000000', '2020-07-10 00:00:00.000000', 120, 'http://ticketimage.interpark.com/Play/image/large/19/19008458_p.gif', '박효신 STPD 2019 LOVERS：behind the scenes', 3, 0, 'ecd4c27d-085a-4c46-b70b-8916a795a422');
INSERT INTO public.product (id, category, created_date_time, description, img_url, modified_date_time, r_rated, release_end_time, release_start_time, running_time, thumbnail_img_url, title, place_id, pod, serial) VALUES (13, 0, '2020-02-25 00:00:00.000000', '박효신의 라이브', 'http://ticketimage.interpark.com/Play/image/large/19/19008458_p.gif', '2020-06-06 00:00:00.000000', 1, '2020-10-20 00:00:00.000000', '2020-09-10 00:00:00.000000', 120, 'http://ticketimage.interpark.com/Play/image/large/19/19008458_p.gif', '박효신 LIVE 2020 LOVERS：where is your love？', 3, 0, '15f3aff4-f5d9-471c-9130-aad298040ca2');
INSERT INTO public.product (id, category, created_date_time, description, img_url, modified_date_time, r_rated, release_end_time, release_start_time, running_time, thumbnail_img_url, title, place_id, pod, serial) VALUES (14, 1, '2020-02-25 00:00:00.000000', '강렬한 욕망 파고드는 유혹 당신은 거부할 수 있는가', 'http://ticketimage.interpark.com/Play/image/large/16/16016338_p.gif', '2020-06-06 00:00:00.000000', 2, '2020-09-20 00:00:00.000000', '2020-08-10 00:00:00.000000', 110, 'http://ticketimage.interpark.com/Play/image/large/16/16016338_p.gif', '뮤지컬 <더 데빌>', 1, 0, '88a1bf7e-eabb-48aa-b181-c47846ec127c');
INSERT INTO public.product (id, category, created_date_time, description, img_url, modified_date_time, r_rated, release_end_time, release_start_time, running_time, thumbnail_img_url, title, place_id, pod, serial) VALUES (15, 2, '2020-02-25 00:00:00.000000', '클래식 음악 축제 클래식 레볼루션!', 'http://ticketimage.interpark.com/Play/image/large/20/20003902_p.gif', '2020-06-06 00:00:00.000000', 1, '2020-09-20 00:00:00.000000', '2020-08-10 00:00:00.000000', 110, 'http://ticketimage.interpark.com/TCMS3.0/CL/TOP/2005/200520012455_20003961.gif', '클래식 레볼루션 2020 - 부산', 1, 0, '5ad2183c-45e8-47e1-8349-b8b455ee08c7');
INSERT INTO public.product (id, category, created_date_time, description, img_url, modified_date_time, r_rated, release_end_time, release_start_time, running_time, thumbnail_img_url, title, place_id, pod, serial) VALUES (8, 0, '2020-02-25 00:00:00.000000', '꺼지지 않은 작은 불티가 다시 타오르고너와 나의, 보이는 그리고 보이지 않는 마음이 움직이는 순간.내게 그리고 네게 들려주고 싶은 이야기.TAEYEON CONCERT - THE UNSEEN에 여러분을 초대합니다.', 'http://ticketimage.interpark.com/PlayDictionary/DATA/PlayDic/PlayDicUpload/040001/19/12/0400011912_153488_0243.gif', '2020-06-06 00:00:00.000000', 2, '2020-09-20 00:00:00.000000', '2020-08-10 00:00:00.000000', 120, 'http://ticketimage.interpark.com/PlayDictionary/DATA/PlayDic/PlayDicUpload/040001/19/12/0400011912_153488_0243.gif', '태연 콘서트', 1, 0, '5e4aa0cd-7fd9-42dc-a1b1-2d3302542ceb');
INSERT INTO public.product (id, category, created_date_time, description, img_url, modified_date_time, r_rated, release_end_time, release_start_time, running_time, thumbnail_img_url, title, place_id, pod, serial) VALUES (9, 0, '2020-02-25 00:00:00.000000', '트로트의 귀재 임영웅의 콘서트', 'http://ticketimage.interpark.com/Play/image/large/19/19001190_p.gif', '2020-06-06 00:00:00.000000', 1, '2020-09-20 00:00:00.000000', '2020-08-10 00:00:00.000000', 120, 'http://ticketimage.interpark.com/Play/image/large/19/19001190_p.gif', '임영웅 콘서트 - 서울', 1, 0, '62ce56fe-c31f-44aa-b751-fac7ce875c07');
INSERT INTO public.product (id, category, created_date_time, description, img_url, modified_date_time, r_rated, release_end_time, release_start_time, running_time, thumbnail_img_url, title, place_id, pod, serial) VALUES (10, 0, '2020-02-25 00:00:00.000000', '트로트의 귀재 임영웅의 콘서트', 'http://ticketimage.interpark.com/Play/image/large/19/19001190_p.gif', '2020-06-06 00:00:00.000000', 1, '2020-09-20 00:00:00.000000', '2020-08-10 00:00:00.000000', 120, 'http://ticketimage.interpark.com/Play/image/large/19/19001190_p.gif', '임영웅 콘서트 - 부산', 2, 0, '6858eb8d-400a-4222-93b1-673d4b4c14a1');
INSERT INTO public.product (id, category, created_date_time, description, img_url, modified_date_time, r_rated, release_end_time, release_start_time, running_time, thumbnail_img_url, title, place_id, pod, serial) VALUES (11, 0, '2020-02-25 00:00:00.000000', '트로트의 귀재 임영웅의 콘서트', 'http://ticketimage.interpark.com/Play/image/large/19/19001190_p.gif', '2020-06-06 00:00:00.000000', 1, '2020-09-20 00:00:00.000000', '2020-08-10 00:00:00.000000', 120, 'http://ticketimage.interpark.com/Play/image/large/19/19001190_p.gif', '임영웅 콘서트 - 강릉', 3, 0, '97b8f4f9-3dcb-4d5e-9865-a17f9ebbeae2');
INSERT INTO public.product (id, category, created_date_time, description, img_url, modified_date_time, r_rated, release_end_time, release_start_time, running_time, thumbnail_img_url, title, place_id, pod, serial) VALUES (20, 3, '2020-02-25 00:00:00.000000', '오늘날 예술은 우리 주위에 있다.', 'http://ticketimage.interpark.com/Play/image/large/20/20005700_p.gif', '2020-06-06 00:00:00.000000', 1, '2020-09-20 00:00:00.000000', '2020-08-10 00:00:00.000000', 0, 'http://ticketimage.interpark.com/Play/image/large/20/20005700_p.gif', '스위트 팝 (SWEET POP)', 1, 0, '4276f317-709d-498d-b37a-5392483ed8eb');
INSERT INTO public.product (id, category, created_date_time, description, img_url, modified_date_time, r_rated, release_end_time, release_start_time, running_time, thumbnail_img_url, title, place_id, pod, serial) VALUES (16, 3, '2020-02-25 00:00:00.000000', '피어나는 아름다움', 'http://ticketimage.interpark.com/Play/image/large/20/20004168_p.gif', '2020-06-06 00:00:00.000000', 1, '2020-09-20 00:00:00.000000', '2020-08-10 00:00:00.000000', 0, 'http://ticketimage.interpark.com/Play/image/large/20/20004168_p.gif', 'Blooming Land : 피어나는 아름다움 (블루밍랜드)', 1, 0, 'fb4cf779-5f3d-4cce-aa83-33823b74fc35');
INSERT INTO public.product (id, category, created_date_time, description, img_url, modified_date_time, r_rated, release_end_time, release_start_time, running_time, thumbnail_img_url, title, place_id, pod, serial) VALUES (17, 3, '2020-02-25 00:00:00.000000', '애니메이션의 기원과 탄생,발전,종류 등을 배울 수 있습니다.', 'http://ticketimage.interpark.com/Play/image/large/20/20004628_p.gif', '2020-06-06 00:00:00.000000', 1, '2020-09-20 00:00:00.000000', '2020-08-10 00:00:00.000000', 0, 'http://ticketimage.interpark.com/Play/image/large/20/20004628_p.gif', '춘천 애니메이션박물관＆토이로봇관', 1, 0, '42205208-66da-41dc-9caf-e7e6da136301');
INSERT INTO public.product (id, category, created_date_time, description, img_url, modified_date_time, r_rated, release_end_time, release_start_time, running_time, thumbnail_img_url, title, place_id, pod, serial) VALUES (18, 3, '2020-02-25 00:00:00.000000', 'Shooting the Pulitzer', 'http://ticketimage.interpark.com/Play/image/large/20/20005144_p.gif', '2020-06-06 00:00:00.000000', 1, '2020-09-20 00:00:00.000000', '2020-08-10 00:00:00.000000', 0, 'http://ticketimage.interpark.com/TCMS3.0/MD/TOP_1/2005/200519060753_20004039.gif', '퓰리처상 사진전', 1, 0, '672d04dd-bf4c-4353-9c80-eb11271de216');
INSERT INTO public.product (id, category, created_date_time, description, img_url, modified_date_time, r_rated, release_end_time, release_start_time, running_time, thumbnail_img_url, title, place_id, pod, serial) VALUES (19, 3, '2020-02-25 00:00:00.000000', '그 판타지의 세계가 여러분 앞에 펼처집니다.', 'http://ticketimage.interpark.com/Play/image/large/20/20005207_p.gif', '2020-06-06 00:00:00.000000', 1, '2020-09-20 00:00:00.000000', '2020-08-10 00:00:00.000000', 0, 'http://ticketimage.interpark.com/Play/image/large/20/20005207_p.gif', '오즈:오버더레인보우', 1, 0, '344a3714-2665-4e8b-a5d9-8e869fecb799');
INSERT INTO public.product (id, category, created_date_time, description, img_url, modified_date_time, r_rated, release_end_time, release_start_time, running_time, thumbnail_img_url, title, place_id, pod, serial) VALUES (4, 0, '2020-02-25 00:00:00.000000', '모두를 만족시킬 공연 <이승환>', 'http://ticketimage.interpark.com/Play/image/large/20/20003963_p.gif', '2020-06-06 00:00:00.000000', 2, '2020-09-20 00:00:00.000000', '2020-08-10 00:00:00.000000', 200, 'http://ticketimage.interpark.com/Play/image/large/20/20003963_p.gif', '2020 이승환 30주년 콘서트 ［무적전설］ - 부산', 1, 0, 'eb6c9f00-ff14-4348-b184-1c20067735c5');
INSERT INTO public.product (id, category, created_date_time, description, img_url, modified_date_time, r_rated, release_end_time, release_start_time, running_time, thumbnail_img_url, title, place_id, pod, serial) VALUES (5, 0, '2020-02-25 00:00:00.000000', '모두를 만족시킬 공연 <이승환>', 'http://ticketimage.interpark.com/Play/image/large/20/20003963_p.gif', '2020-06-06 00:00:00.000000', 2, '2020-09-20 00:00:00.000000', '2020-08-10 00:00:00.000000', 200, 'http://ticketimage.interpark.com/Play/image/large/20/20003963_p.gif', '2020 이승환 30주년 콘서트 ［무적전설］ - 청주', 2, 0, 'ba5316bc-b16e-4a78-a70b-1e8755bdd3ce');
INSERT INTO public.product (id, category, created_date_time, description, img_url, modified_date_time, r_rated, release_end_time, release_start_time, running_time, thumbnail_img_url, title, place_id, pod, serial) VALUES (6, 0, '2020-02-25 00:00:00.000000', '모두를 만족시킬 공연 <이승환>', 'http://ticketimage.interpark.com/Play/image/large/20/20003963_p.gif', '2020-06-06 00:00:00.000000', 2, '2020-09-20 00:00:00.000000', '2020-08-10 00:00:00.000000', 200, 'http://ticketimage.interpark.com/Play/image/large/20/20003963_p.gif', '2020 이승환 30주년 콘서트 ［무적전설］ - 성남', 3, 0, '7ecb0ce0-85a0-4dca-9651-5049e089830e');
INSERT INTO public.product (id, category, created_date_time, description, img_url, modified_date_time, r_rated, release_end_time, release_start_time, running_time, thumbnail_img_url, title, place_id, pod, serial) VALUES (7, 0, '2020-02-25 00:00:00.000000', '모두를 만족시킬 공연 <이승환>', 'http://ticketimage.interpark.com/Play/image/large/20/20003963_p.gif', '2020-06-06 00:00:00.000000', 2, '2020-09-20 00:00:00.000000', '2020-08-10 00:00:00.000000', 200, 'http://ticketimage.interpark.com/Play/image/large/20/20003963_p.gif', '2020 이승환 30주년 콘서트 ［무적전설］ - 전주', 2, 0, '54d0d108-1abc-47a1-baea-d89df654ed05');
INSERT INTO public.product (id, category, created_date_time, description, img_url, modified_date_time, r_rated, release_end_time, release_start_time, running_time, thumbnail_img_url, title, place_id, pod, serial) VALUES (1, 0, '2020-02-25 00:00:00.000000', '2020 Theatre 이문세부산을 찾아갑니다.', 'http://ticketimage.interpark.com/Play/image/large/20/20005839_p.gif', '2020-06-06 00:00:00.000000', 2, '2020-09-20 00:00:00.000000', '2020-08-10 00:00:00.000000', 120, 'http://ticketimage.interpark.com/TCMS3.0/CO/TOP/2007/200730070311_20000378.gif', '［ 2020 Theatre 이문세 ］- 서울', 1, 0, 'e0603905-43d5-4728-a525-ba17123ac8ab');
INSERT INTO public.product (id, category, created_date_time, description, img_url, modified_date_time, r_rated, release_end_time, release_start_time, running_time, thumbnail_img_url, title, place_id, pod, serial) VALUES (2, 0, '2020-02-25 00:00:00.000000', '2020 Theatre 이문세부산을 찾아갑니다.', 'http://ticketimage.interpark.com/Play/image/large/20/20005839_p.gif', '2020-06-06 00:00:00.000000', 2, '2020-09-20 00:00:00.000000', '2020-08-10 00:00:00.000000', 120, 'http://ticketimage.interpark.com/TCMS3.0/CO/TOP/2007/200730070311_20000378.gif', '［ 2020 Theatre 이문세 ］- 부산', 2, 0, '0eeaba72-a8e1-42c3-a612-7d1a77e06783');
INSERT INTO public.product (id, category, created_date_time, description, img_url, modified_date_time, r_rated, release_end_time, release_start_time, running_time, thumbnail_img_url, title, place_id, pod, serial) VALUES (91, 0, '2020-08-18 21:52:53.124000', null, 'http://ticketimage.interpark.com/Play/image/large/19/19018229_p.gif', '2020-08-18 21:52:53.124000', null, '2020-08-14 15:00:00.000000', '2020-08-12 15:00:00.000000', null, 'http://ticketimage.interpark.com/TCMS3.0/PL/TOP_2/2001/200120034842_15012361.gif', 'OIDC 공연', 1, null, 'f8ebe14f-95e4-45a9-b432-59c99b89a033');
INSERT INTO public.product (id, category, created_date_time, description, img_url, modified_date_time, r_rated, release_end_time, release_start_time, running_time, thumbnail_img_url, title, place_id, pod, serial) VALUES (88, 0, '2020-08-18 03:16:26.811000', null, 'http://ticketimage.interpark.com/Play/image/large/19/19018229_p.gif', '2020-08-18 03:16:26.811000', null, '2020-09-23 15:00:00.000000', '2020-08-02 15:00:00.000000', null, 'http://ticketimage.interpark.com/TCMS3.0/PL/TOP_2/2001/200120034842_15012361.gif', 'ㅁㄴㅇㄹ', 1, null, '908aceee-4e71-4a00-be19-40a3008228cd');


INSERT INTO public.artist (id, birth_date, debut_date, description, facebook_url, height, img_url, instagram_url, name, occupation, thumbnail_img_url, twitter_url, weight) VALUES (1, '1957-03-29 00:00:00.000000', '1978-06-21 00:00:00.000000', '데뷔 : 1978년 CBS ''세븐틴'' MC', 'http://icio.us/ultrices/enim/lorem/ipsum/dolor/sit.jsp?nisi=eget&volutpat=nunc&eleifend=donec&donec=quis&ut=orci&dolor=eget&morbi=orci&vel=vehicula&lectus=condimentum&in=curabitur&quam=in&fringilla=libero&rhoncus=ut&mauris=massa&enim=volutpat&leo=convallis&rhoncus=morbi&sed=odio&vestibulum=odio&sit=elementum&amet=eu&cursus=interdum&id=eu&turpis=tincidunt&integer=in&aliquet=leo&massa=maecenas&id=pulvinar&lobortis=lobortis&convallis=est&tortor=phasellus&risus=sit&dapibus=amet&augue=erat&vel=nulla&accumsan=tempus&tellus=vivamus&nisi=in&eu=felis&orci=eu&mauris=sapien&lacinia=cursus&sapien=vestibulum&quis=proin&libero=eu&nullam=mi&sit=nulla&amet=ac&turpis=enim&elementum=in&ligula=tempor&vehicula=turpis&consequat=nec&morbi=euismod&a=scelerisque&ipsum=quam&integer=turpis&a=adipiscing&nibh=lorem&in=vitae&quis=mattis&justo=nibh&maecenas=ligula&rhoncus=nec', 178, 'http://ticketimage.interpark.com/PlayDictionary/DATA/PlayDic/PlayDicUpload/040004/07/01/0400040701_1022_01.116.gif', 'https://deviantart.com/ut/erat.html?consectetuer=molestie&adipiscing=nibh&elit=in&proin=lectus&interdum=pellentesque&mauris=at&non=nulla&ligula=suspendisse&pellentesque=potenti&ultrices=cras&phasellus=in&id=purus&sapien=eu&in=magna&sapien=vulputate&iaculis=luctus&congue=cum&vivamus=sociis&metus=natoque&arcu=penatibus&adipiscing=et&molestie=magnis&hendrerit=dis&at=parturient&vulputate=montes&vitae=nascetur&nisl=ridiculus&aenean=mus&lectus=vivamus&pellentesque=vestibulum', '이문세', 0, 'http://ticketimage.interpark.com/PlayDictionary/DATA/PlayDic/PlayDicUpload/040004/07/01/0400040701_1022_01.116.gif', 'http://printfriendly.com/vel/ipsum/praesent/blandit.png?integer=in&pede=eleifend&justo=quam&lacinia=a&eget=odio&tincidunt=in&eget=hac&tempus=habitasse&vel=platea&pede=dictumst&morbi=maecenas&porttitor=ut', 80);
INSERT INTO public.artist (id, birth_date, debut_date, description, facebook_url, height, img_url, instagram_url, name, occupation, thumbnail_img_url, twitter_url, weight) VALUES (2, '1982-05-02 00:00:00.000000', '1991-05-31 00:00:00.000000', '''슬기로운 의사생활'' 전미도, 정문성 무대에서 다시 뭉친다…뮤지컬 ''어쩌면 해피엔딩'' 6월 개막', 'http://japanpost.jp/hac/habitasse/platea/dictumst/aliquam/augue/quam.json?proin=at&eu=nibh&mi=in&nulla=hac&ac=habitasse&enim=platea&in=dictumst&tempor=aliquam&turpis=augue&nec=quam&euismod=sollicitudin&scelerisque=vitae&quam=consectetuer&turpis=eget&adipiscing=rutrum&lorem=at&vitae=lorem&mattis=integer&nibh=tincidunt&ligula=ante&nec=vel&sem=ipsum&duis=praesent&aliquam=blandit&convallis=lacinia&nunc=erat&proin=vestibulum&at=sed&turpis=magna&a=at&pede=nunc&posuere=commodo&nonummy=placerat&integer=praesent&non=blandit&velit=nam&donec=nulla&diam=integer&neque=pede&vestibulum=justo&eget=lacinia&vulputate=eget&ut=tincidunt&ultrices=eget&vel=tempus&augue=vel&vestibulum=pede&ante=morbi&ipsum=porttitor&primis=lorem&in=id&faucibus=ligula&orci=suspendisse&luctus=ornare&et=consequat&ultrices=lectus&posuere=in&cubilia=est', 173, 'http://ticketimage.interpark.com/PlayDictionary/DATA/PlayDic/PlayDicUpload/040004/07/01/0400040701_3438_013654.gif', 'https://mapquest.com/habitasse/platea/dictumst/etiam/faucibus/cursus.png?nullam=amet&varius=eros&nulla=suspendisse&facilisi=accumsan&cras=tortor&non=quis&velit=turpis&nec=sed&nisi=ante&vulputate=vivamus&nonummy=tortor&maecenas=duis&tincidunt=mattis&lacus=egestas&at=metus&velit=aenean&vivamus=fermentum&vel=donec&nulla=ut&eget=mauris&eros=eget&elementum=massa&pellentesque=tempor&quisque=convallis&porta=nulla&volutpat=neque&erat=libero&quisque=convallis&erat=eget&eros=eleifend&viverra=luctus&eget=ultricies', '전미도', 1, 'http://ticketimage.interpark.com/PlayDictionary/DATA/PlayDic/PlayDicUpload/040004/07/01/0400040701_3438_013654.gif', 'http://newsvine.com/nulla.jpg?molestie=ut&nibh=erat&in=curabitur&lectus=gravida&pellentesque=nisi&at=at&nulla=nibh&suspendisse=in&potenti=hac&cras=habitasse&in=platea&purus=dictumst&eu=aliquam&magna=augue&vulputate=quam&luctus=sollicitudin&cum=vitae&sociis=consectetuer&natoque=eget&penatibus=rutrum&et=at&magnis=lorem&dis=integer&parturient=tincidunt&montes=ante&nascetur=vel&ridiculus=ipsum&mus=praesent&vivamus=blandit&vestibulum=lacinia&sagittis=erat&sapien=vestibulum&cum=sed&sociis=magna&natoque=at&penatibus=nunc&et=commodo&magnis=placerat&dis=praesent&parturient=blandit&montes=nam&nascetur=nulla&ridiculus=integer&mus=pede&etiam=justo&vel=lacinia&augue=eget&vestibulum=tincidunt&rutrum=eget&rutrum=tempus&neque=vel&aenean=pede&auctor=morbi&gravida=porttitor&sem=lorem&praesent=id&id=ligula&massa=suspendisse&id=ornare&nisl=consequat&venenatis=lectus&lacinia=in&aenean=est&sit=risus&amet=auctor&justo=sed&morbi=tristique&ut=in&odio=tempus&cras=sit&mi=amet&pede=sem&malesuada=fusce&in=consequat&imperdiet=nulla&et=nisl&commodo=nunc&vulputate=nisl&justo=duis&in=bibendum&blandit=felis&ultrices=sed&enim=interdum&lorem=venenatis&ipsum=turpis&dolor=enim&sit=blandit&amet=mi&consectetuer=in&adipiscing=porttitor&elit=pede&proin=justo&interdum=eu&mauris=massa&non=donec&ligula=dapibus&pellentesque=duis', 62);
INSERT INTO public.artist (id, birth_date, debut_date, description, facebook_url, height, img_url, instagram_url, name, occupation, thumbnail_img_url, twitter_url, weight) VALUES (3, '1981-07-03 00:00:00.000000', '1994-05-21 00:00:00.000000', '소속 : 네오스엔터테인먼트 데뷔 : 2005년 세미뮤지컬 청혼', 'https://google.ru/eget/tempus.json?nulla=ipsum&ut=primis&erat=in&id=faucibus&mauris=orci&vulputate=luctus&elementum=et&nullam=ultrices&varius=posuere&nulla=cubilia&facilisi=curae&cras=duis&non=faucibus&velit=accumsan&nec=odio&nisi=curabitur&vulputate=convallis&nonummy=duis&maecenas=consequat&tincidunt=dui&lacus=nec&at=nisi&velit=volutpat&vivamus=eleifend&vel=donec&nulla=ut&eget=dolor&eros=morbi&elementum=vel&pellentesque=lectus&quisque=in&porta=quam&volutpat=fringilla&erat=rhoncus&quisque=mauris&erat=enim&eros=leo&viverra=rhoncus&eget=sed&congue=vestibulum&eget=sit&semper=amet&rutrum=cursus&nulla=id&nunc=turpis&purus=integer&phasellus=aliquet&in=massa&felis=id&donec=lobortis&semper=convallis&sapien=tortor&a=risus&libero=dapibus&nam=augue&dui=vel&proin=accumsan&leo=tellus&odio=nisi&porttitor=eu&id=orci&consequat=mauris&in=lacinia&consequat=sapien&ut=quis&nulla=libero&sed=nullam&accumsan=sit&felis=amet&ut=turpis&at=elementum&dolor=ligula&quis=vehicula&odio=consequat&consequat=morbi&varius=a&integer=ipsum', 179, 'http://ticketimage.interpark.com/PlayDictionary/DATA/PlayDic/PlayDicUpload/040004/07/01/0400040701_3598_012.jpg', 'https://csmonitor.com/nunc/purus.html?congue=parturient&etiam=montes&justo=nascetur&etiam=ridiculus&pretium=mus&iaculis=vivamus&justo=vestibulum&in=sagittis&hac=sapien&habitasse=cum&platea=sociis&dictumst=natoque&etiam=penatibus&faucibus=et&cursus=magnis&urna=dis&ut=parturient&tellus=montes&nulla=nascetur&ut=ridiculus&erat=mus&id=etiam&mauris=vel&vulputate=augue&elementum=vestibulum&nullam=rutrum&varius=rutrum&nulla=neque&facilisi=aenean&cras=auctor&non=gravida&velit=sem&nec=praesent&nisi=id&vulputate=massa&nonummy=id&maecenas=nisl&tincidunt=venenatis&lacus=lacinia&at=aenean&velit=sit&vivamus=amet&vel=justo&nulla=morbi&eget=ut&eros=odio&elementum=cras&pellentesque=mi&quisque=pede&porta=malesuada&volutpat=in&erat=imperdiet&quisque=et&erat=commodo&eros=vulputate&viverra=justo&eget=in&congue=blandit&eget=ultrices&semper=enim&rutrum=lorem&nulla=ipsum&nunc=dolor&purus=sit&phasellus=amet&in=consectetuer&felis=adipiscing&donec=elit&semper=proin&sapien=interdum&a=mauris&libero=non&nam=ligula&dui=pellentesque&proin=ultrices&leo=phasellus', '장승조', 1, 'http://ticketimage.interpark.com/PlayDictionary/DATA/PlayDic/PlayDicUpload/040004/07/01/0400040701_3598_012.jpg', 'http://etsy.com/sit/amet/consectetuer/adipiscing/elit/proin/risus.png?sapien=sed&dignissim=sagittis&vestibulum=nam&vestibulum=congue&ante=risus&ipsum=semper&primis=porta&in=volutpat&faucibus=quam&orci=pede&luctus=lobortis&et=ligula&ultrices=sit&posuere=amet&cubilia=eleifend&curae=pede&nulla=libero&dapibus=quis&dolor=orci&vel=nullam&est=molestie&donec=nibh&odio=in&justo=lectus&sollicitudin=pellentesque&ut=at&suscipit=nulla&a=suspendisse&feugiat=potenti&et=cras&eros=in&vestibulum=purus&ac=eu&est=magna&lacinia=vulputate&nisi=luctus&venenatis=cum&tristique=sociis&fusce=natoque&congue=penatibus&diam=et&id=magnis&ornare=dis&imperdiet=parturient&sapien=montes&urna=nascetur&pretium=ridiculus&nisl=mus&ut=vivamus&volutpat=vestibulum&sapien=sagittis&arcu=sapien&sed=cum&augue=sociis&aliquam=natoque&erat=penatibus&volutpat=et&in=magnis&congue=dis&etiam=parturient&justo=montes&etiam=nascetur&pretium=ridiculus&iaculis=mus&justo=etiam&in=vel&hac=augue&habitasse=vestibulum&platea=rutrum&dictumst=rutrum&etiam=neque&faucibus=aenean&cursus=auctor&urna=gravida&ut=sem&tellus=praesent&nulla=id&ut=massa&erat=id&id=nisl&mauris=venenatis&vulputate=lacinia&elementum=aenean&nullam=sit&varius=amet&nulla=justo&facilisi=morbi&cras=ut&non=odio&velit=cras&nec=mi', 73);
INSERT INTO public.artist (id, birth_date, debut_date, description, facebook_url, height, img_url, instagram_url, name, occupation, thumbnail_img_url, twitter_url, weight) VALUES (4, '1976-08-28 00:00:00.000000', '1995-01-04 00:00:00.000000', '소속사 : 싸이더스HQ', 'http://epa.gov/quam/nec/dui/luctus/rutrum.html?rhoncus=sem&sed=fusce&vestibulum=consequat&sit=nulla&amet=nisl&cursus=nunc&id=nisl&turpis=duis&integer=bibendum&aliquet=felis&massa=sed&id=interdum&lobortis=venenatis&convallis=turpis&tortor=enim&risus=blandit&dapibus=mi&augue=in&vel=porttitor&accumsan=pede&tellus=justo&nisi=eu&eu=massa&orci=donec&mauris=dapibus&lacinia=duis&sapien=at&quis=velit&libero=eu&nullam=est&sit=congue&amet=elementum&turpis=in&elementum=hac&ligula=habitasse&vehicula=platea&consequat=dictumst&morbi=morbi&a=vestibulum&ipsum=velit&integer=id&a=pretium&nibh=iaculis&in=diam&quis=erat&justo=fermentum&maecenas=justo&rhoncus=nec&aliquam=condimentum&lacus=neque&morbi=sapien&quis=placerat', 180, 'http://ticketimage.interpark.com/PlayDictionary/DATA/PlayDic/PlayDicUpload/040004/07/01/0400040701_4225_01.543.gif', 'https://youtube.com/turpis/enim/blandit.png?aliquam=urna&quis=pretium&turpis=nisl&eget=ut&elit=volutpat&sodales=sapien&scelerisque=arcu&mauris=sed&sit=augue&amet=aliquam&eros=erat&suspendisse=volutpat&accumsan=in&tortor=congue&quis=etiam&turpis=justo&sed=etiam&ante=pretium&vivamus=iaculis&tortor=justo&duis=in&mattis=hac&egestas=habitasse&metus=platea&aenean=dictumst&fermentum=etiam&donec=faucibus&ut=cursus&mauris=urna&eget=ut&massa=tellus&tempor=nulla&convallis=ut&nulla=erat&neque=id&libero=mauris&convallis=vulputate&eget=elementum&eleifend=nullam&luctus=varius&ultricies=nulla&eu=facilisi&nibh=cras&quisque=non', '엄기준', 1, 'http://ticketimage.interpark.com/PlayDictionary/DATA/PlayDic/PlayDicUpload/040004/07/01/0400040701_4225_01.543.gif', 'https://behance.net/lacinia/eget/tincidunt/eget/tempus/vel/pede.js?donec=quam&pharetra=a&magna=odio&vestibulum=in&aliquet=hac&ultrices=habitasse&erat=platea&tortor=dictumst&sollicitudin=maecenas&mi=ut&sit=massa&amet=quis&lobortis=augue&sapien=luctus&sapien=tincidunt&non=nulla&mi=mollis&integer=molestie&ac=lorem&neque=quisque&duis=ut&bibendum=erat&morbi=curabitur&non=gravida&quam=nisi&nec=at&dui=nibh&luctus=in&rutrum=hac&nulla=habitasse&tellus=platea&in=dictumst&sagittis=aliquam&dui=augue&vel=quam&nisl=sollicitudin&duis=vitae&ac=consectetuer&nibh=eget&fusce=rutrum&lacus=at&purus=lorem&aliquet=integer&at=tincidunt&feugiat=ante&non=vel&pretium=ipsum&quis=praesent&lectus=blandit&suspendisse=lacinia&potenti=erat&in=vestibulum&eleifend=sed&quam=magna&a=at&odio=nunc&in=commodo&hac=placerat&habitasse=praesent&platea=blandit&dictumst=nam&maecenas=nulla&ut=integer&massa=pede&quis=justo&augue=lacinia&luctus=eget&tincidunt=tincidunt&nulla=eget&mollis=tempus&molestie=vel&lorem=pede', 67);
INSERT INTO public.artist (id, birth_date, debut_date, description, facebook_url, height, img_url, instagram_url, name, occupation, thumbnail_img_url, twitter_url, weight) VALUES (5, '1982-03-13 00:00:00.000000', '2000-08-08 00:00:00.000000', ' 안양예술고등학교 연극영화 성균관대학교 연기예술학', 'https://yahoo.com/in/faucibus/orci/luctus/et.json?amet=proin&consectetuer=at&adipiscing=turpis&elit=a&proin=pede&risus=posuere&praesent=nonummy&lectus=integer&vestibulum=non&quam=velit&sapien=donec&varius=diam&ut=neque&blandit=vestibulum&non=eget&interdum=vulputate&in=ut&ante=ultrices&vestibulum=vel&ante=augue&ipsum=vestibulum&primis=ante&in=ipsum&faucibus=primis&orci=in&luctus=faucibus&et=orci&ultrices=luctus&posuere=et&cubilia=ultrices&curae=posuere&duis=cubilia&faucibus=curae&accumsan=donec&odio=pharetra&curabitur=magna&convallis=vestibulum&duis=aliquet&consequat=ultrices&dui=erat&nec=tortor&nisi=sollicitudin&volutpat=mi&eleifend=sit&donec=amet&ut=lobortis&dolor=sapien&morbi=sapien', 183, 'http://ticketimage.interpark.com/PlayDictionary/DATA/PlayDic/PlayDicUpload/040004/07/01/0400040701_361_012.jpg', 'http://google.it/luctus/et.jpg?sed=diam&nisl=in&nunc=magna&rhoncus=bibendum&dui=imperdiet&vel=nullam&sem=orci&sed=pede&sagittis=venenatis&nam=non&congue=sodales&risus=sed&semper=tincidunt&porta=eu&volutpat=felis&quam=fusce&pede=posuere&lobortis=felis&ligula=sed&sit=lacus&amet=morbi&eleifend=sem&pede=mauris&libero=laoreet&quis=ut&orci=rhoncus&nullam=aliquet&molestie=pulvinar&nibh=sed&in=nisl&lectus=nunc&pellentesque=rhoncus&at=dui&nulla=vel&suspendisse=sem&potenti=sed&cras=sagittis&in=nam&purus=congue&eu=risus&magna=semper&vulputate=porta&luctus=volutpat&cum=quam&sociis=pede&natoque=lobortis&penatibus=ligula&et=sit&magnis=amet&dis=eleifend&parturient=pede&montes=libero&nascetur=quis&ridiculus=orci&mus=nullam&vivamus=molestie&vestibulum=nibh&sagittis=in&sapien=lectus&cum=pellentesque&sociis=at&natoque=nulla&penatibus=suspendisse&et=potenti&magnis=cras&dis=in&parturient=purus&montes=eu&nascetur=magna&ridiculus=vulputate&mus=luctus&etiam=cum&vel=sociis&augue=natoque&vestibulum=penatibus&rutrum=et&rutrum=magnis&neque=dis&aenean=parturient&auctor=montes&gravida=nascetur&sem=ridiculus&praesent=mus&id=vivamus&massa=vestibulum&id=sagittis&nisl=sapien&venenatis=cum&lacinia=sociis&aenean=natoque&sit=penatibus&amet=et&justo=magnis&morbi=dis&ut=parturient&odio=montes&cras=nascetur&mi=ridiculus', '김무열', 1, 'http://ticketimage.interpark.com/PlayDictionary/DATA/PlayDic/PlayDicUpload/040004/07/01/0400040701_361_012.jpg', 'http://skype.com/sed/vel/enim/sit/amet/nunc/viverra.html?integer=eleifend&ac=quam&neque=a&duis=odio&bibendum=in&morbi=hac&non=habitasse&quam=platea&nec=dictumst&dui=maecenas&luctus=ut&rutrum=massa&nulla=quis&tellus=augue&in=luctus&sagittis=tincidunt&dui=nulla&vel=mollis&nisl=molestie&duis=lorem&ac=quisque&nibh=ut&fusce=erat&lacus=curabitur&purus=gravida&aliquet=nisi&at=at&feugiat=nibh&non=in&pretium=hac&quis=habitasse&lectus=platea&suspendisse=dictumst&potenti=aliquam&in=augue&eleifend=quam&quam=sollicitudin&a=vitae&odio=consectetuer&in=eget&hac=rutrum&habitasse=at', 71);
INSERT INTO public.artist (id, birth_date, debut_date, description, facebook_url, height, img_url, instagram_url, name, occupation, thumbnail_img_url, twitter_url, weight) VALUES (6, '1989-06-09 00:00:00.000000', '2002-06-02 00:00:00.000000', '2007년 소녀시대 싱글 앨범 [다시 만난 세계] 데뷔', 'https://yandex.ru/nulla/tellus/in/sagittis.html?iaculis=in&justo=quam&in=fringilla&hac=rhoncus&habitasse=mauris&platea=enim&dictumst=leo&etiam=rhoncus&faucibus=sed&cursus=vestibulum&urna=sit&ut=amet&tellus=cursus&nulla=id&ut=turpis&erat=integer&id=aliquet&mauris=massa&vulputate=id', 161, 'http://ticketimage.interpark.com/PlayDictionary/DATA/PlayDic/PlayDicUpload/040004/10/03/0400041003_20321_02811.gif', 'http://uol.com.br/interdum.json?sed=amet&nisl=justo&nunc=morbi&rhoncus=ut&dui=odio&vel=cras&sem=mi&sed=pede&sagittis=malesuada&nam=in&congue=imperdiet&risus=et&semper=commodo&porta=vulputate&volutpat=justo&quam=in&pede=blandit&lobortis=ultrices&ligula=enim&sit=lorem&amet=ipsum&eleifend=dolor&pede=sit&libero=amet&quis=consectetuer&orci=adipiscing&nullam=elit&molestie=proin&nibh=interdum&in=mauris&lectus=non&pellentesque=ligula&at=pellentesque&nulla=ultrices&suspendisse=phasellus&potenti=id&cras=sapien&in=in&purus=sapien&eu=iaculis&magna=congue&vulputate=vivamus&luctus=metus&cum=arcu&sociis=adipiscing&natoque=molestie&penatibus=hendrerit&et=at&magnis=vulputate&dis=vitae&parturient=nisl&montes=aenean&nascetur=lectus&ridiculus=pellentesque&mus=eget&vivamus=nunc&vestibulum=donec&sagittis=quis&sapien=orci&cum=eget&sociis=orci&natoque=vehicula&penatibus=condimentum&et=curabitur&magnis=in&dis=libero&parturient=ut&montes=massa&nascetur=volutpat&ridiculus=convallis&mus=morbi&etiam=odio&vel=odio&augue=elementum&vestibulum=eu&rutrum=interdum&rutrum=eu', '태연', 0, 'http://ticketimage.interpark.com/PlayDictionary/DATA/PlayDic/PlayDicUpload/040004/10/03/0400041003_20321_02811.gif', 'https://icq.com/fusce/consequat/nulla/nisl/nunc/nisl/duis.json?nunc=hac&purus=habitasse&phasellus=platea&in=dictumst&felis=aliquam&donec=augue&semper=quam&sapien=sollicitudin&a=vitae&libero=consectetuer&nam=eget&dui=rutrum&proin=at&leo=lorem&odio=integer&porttitor=tincidunt&id=ante&consequat=vel&in=ipsum&consequat=praesent&ut=blandit&nulla=lacinia&sed=erat&accumsan=vestibulum&felis=sed&ut=magna&at=at&dolor=nunc&quis=commodo&odio=placerat&consequat=praesent&varius=blandit&integer=nam&ac=nulla&leo=integer&pellentesque=pede&ultrices=justo&mattis=lacinia&odio=eget&donec=tincidunt&vitae=eget&nisi=tempus&nam=vel&ultrices=pede&libero=morbi&non=porttitor&mattis=lorem&pulvinar=id&nulla=ligula&pede=suspendisse&ullamcorper=ornare&augue=consequat&a=lectus&suscipit=in&nulla=est&elit=risus&ac=auctor&nulla=sed&sed=tristique&vel=in&enim=tempus&sit=sit&amet=amet&nunc=sem&viverra=fusce&dapibus=consequat&nulla=nulla&suscipit=nisl&ligula=nunc', 50);
INSERT INTO public.artist (id, birth_date, debut_date, description, facebook_url, height, img_url, instagram_url, name, occupation, thumbnail_img_url, twitter_url, weight) VALUES (7, '1991-04-22 00:00:00.000000', '2005-09-10 00:00:00.000000', '2020년 미스터트롯으로 성공', 'https://sphinn.com/orci.jpg?in=ultrices&felis=vel&eu=augue&sapien=vestibulum&cursus=ante&vestibulum=ipsum&proin=primis&eu=in&mi=faucibus&nulla=orci&ac=luctus&enim=et&in=ultrices&tempor=posuere&turpis=cubilia&nec=curae&euismod=donec&scelerisque=pharetra&quam=magna&turpis=vestibulum&adipiscing=aliquet&lorem=ultrices&vitae=erat&mattis=tortor&nibh=sollicitudin&ligula=mi&nec=sit&sem=amet&duis=lobortis&aliquam=sapien&convallis=sapien&nunc=non&proin=mi&at=integer&turpis=ac&a=neque&pede=duis&posuere=bibendum&nonummy=morbi&integer=non&non=quam&velit=nec&donec=dui&diam=luctus&neque=rutrum&vestibulum=nulla&eget=tellus&vulputate=in&ut=sagittis&ultrices=dui&vel=vel&augue=nisl&vestibulum=duis&ante=ac&ipsum=nibh', 178, 'http://ticketimage.interpark.com/PlayDictionary/DATA/PlayDic/PlayDicUpload/040004/20/01/0400042001_45916_02.gif', 'http://drupal.org/nulla/ut/erat/id/mauris/vulputate/elementum.html?nam=morbi&ultrices=ut&libero=odio&non=cras&mattis=mi&pulvinar=pede&nulla=malesuada&pede=in&ullamcorper=imperdiet&augue=et&a=commodo&suscipit=vulputate&nulla=justo&elit=in&ac=blandit&nulla=ultrices&sed=enim&vel=lorem&enim=ipsum&sit=dolor&amet=sit&nunc=amet&viverra=consectetuer&dapibus=adipiscing&nulla=elit&suscipit=proin&ligula=interdum&in=mauris&lacus=non&curabitur=ligula&at=pellentesque&ipsum=ultrices&ac=phasellus', '임영웅', 0, 'http://ticketimage.interpark.com/PlayDictionary/DATA/PlayDic/PlayDicUpload/040004/20/01/0400042001_45916_02.gif', 'http://domainmarket.com/aliquet.aspx?mollis=pede&molestie=lobortis&lorem=ligula&quisque=sit&ut=amet&erat=eleifend&curabitur=pede&gravida=libero&nisi=quis&at=orci&nibh=nullam&in=molestie&hac=nibh&habitasse=in&platea=lectus&dictumst=pellentesque&aliquam=at&augue=nulla&quam=suspendisse&sollicitudin=potenti&vitae=cras&consectetuer=in&eget=purus&rutrum=eu&at=magna&lorem=vulputate&integer=luctus&tincidunt=cum&ante=sociis&vel=natoque&ipsum=penatibus&praesent=et&blandit=magnis&lacinia=dis&erat=parturient&vestibulum=montes&sed=nascetur&magna=ridiculus&at=mus', 70);
INSERT INTO public.artist (id, birth_date, debut_date, description, facebook_url, height, img_url, instagram_url, name, occupation, thumbnail_img_url, twitter_url, weight) VALUES (8, '1981-05-30 00:00:00.000000', '1999-05-12 00:00:00.000000', '데뷔 : 1999년 1집 앨범 [해줄수 없는일] 소속사 : 글러브 엔터테인먼트', 'https://4shared.com/augue/luctus.js?id=non&ligula=interdum&suspendisse=in&ornare=ante&consequat=vestibulum&lectus=ante&in=ipsum&est=primis&risus=in&auctor=faucibus&sed=orci&tristique=luctus&in=et&tempus=ultrices&sit=posuere&amet=cubilia&sem=curae&fusce=duis&consequat=faucibus&nulla=accumsan&nisl=odio&nunc=curabitur&nisl=convallis&duis=duis&bibendum=consequat&felis=dui&sed=nec&interdum=nisi&venenatis=volutpat&turpis=eleifend&enim=donec&blandit=ut&mi=dolor&in=morbi&porttitor=vel&pede=lectus&justo=in&eu=quam&massa=fringilla&donec=rhoncus&dapibus=mauris&duis=enim&at=leo&velit=rhoncus&eu=sed&est=vestibulum&congue=sit&elementum=amet&in=cursus&hac=id&habitasse=turpis&platea=integer', 178, 'http://ticketimage.interpark.com/PlayDictionary/DATA/PlayDic/PlayDicUpload/040004/07/01/0400040701_1042_012.jpg', 'https://nbcnews.com/semper.jsp?sapien=diam&cursus=erat&vestibulum=fermentum&proin=justo&eu=nec&mi=condimentum&nulla=neque&ac=sapien&enim=placerat&in=ante&tempor=nulla&turpis=justo&nec=aliquam&euismod=quis&scelerisque=turpis&quam=eget&turpis=elit&adipiscing=sodales&lorem=scelerisque&vitae=mauris&mattis=sit&nibh=amet&ligula=eros&nec=suspendisse&sem=accumsan&duis=tortor&aliquam=quis&convallis=turpis&nunc=sed&proin=ante&at=vivamus&turpis=tortor&a=duis&pede=mattis&posuere=egestas&nonummy=metus&integer=aenean&non=fermentum&velit=donec&donec=ut&diam=mauris&neque=eget&vestibulum=massa&eget=tempor&vulputate=convallis&ut=nulla&ultrices=neque&vel=libero&augue=convallis&vestibulum=eget&ante=eleifend&ipsum=luctus&primis=ultricies&in=eu&faucibus=nibh&orci=quisque&luctus=id&et=justo&ultrices=sit&posuere=amet&cubilia=sapien&curae=dignissim&donec=vestibulum&pharetra=vestibulum&magna=ante&vestibulum=ipsum&aliquet=primis&ultrices=in&erat=faucibus&tortor=orci&sollicitudin=luctus&mi=et&sit=ultrices&amet=posuere&lobortis=cubilia&sapien=curae&sapien=nulla&non=dapibus&mi=dolor&integer=vel&ac=est&neque=donec&duis=odio&bibendum=justo&morbi=sollicitudin&non=ut&quam=suscipit&nec=a&dui=feugiat&luctus=et&rutrum=eros&nulla=vestibulum&tellus=ac&in=est&sagittis=lacinia', '박효신', 0, 'http://ticketimage.interpark.com/PlayDictionary/DATA/PlayDic/PlayDicUpload/040004/07/01/0400040701_1042_012.jpg', 'https://ibm.com/proin.js?interdum=nisl&venenatis=venenatis&turpis=lacinia&enim=aenean&blandit=sit&mi=amet&in=justo&porttitor=morbi&pede=ut&justo=odio&eu=cras', 65);
INSERT INTO public.artist (id, birth_date, debut_date, description, facebook_url, height, img_url, instagram_url, name, occupation, thumbnail_img_url, twitter_url, weight) VALUES (9, '1980-04-27 00:00:00.000000', '1998-01-01 00:00:00.000000', '데뷔 : 1998년 핑클 1집 앨범 [Blue Rain].', 'https://macromedia.com/donec/posuere/metus/vitae/ipsum/aliquam.xml?commodo=blandit&vulputate=mi&justo=in&in=porttitor&blandit=pede&ultrices=justo&enim=eu&lorem=massa&ipsum=donec&dolor=dapibus&sit=duis&amet=at&consectetuer=velit&adipiscing=eu&elit=est&proin=congue&interdum=elementum&mauris=in&non=hac&ligula=habitasse&pellentesque=platea&ultrices=dictumst&phasellus=morbi&id=vestibulum&sapien=velit&in=id&sapien=pretium&iaculis=iaculis&congue=diam&vivamus=erat&metus=fermentum&arcu=justo&adipiscing=nec&molestie=condimentum&hendrerit=neque&at=sapien&vulputate=placerat&vitae=ante&nisl=nulla&aenean=justo&lectus=aliquam', 178, 'http://ticketimage.interpark.com/PlayDictionary/DATA/PlayDic/PlayDicUpload/040004/07/01/0400040701_3727_011.jpg', 'https://bbb.org/id/pretium/iaculis/diam/erat.jpg?enim=vulputate&lorem=elementum&ipsum=nullam&dolor=varius&sit=nulla&amet=facilisi&consectetuer=cras&adipiscing=non&elit=velit&proin=nec&interdum=nisi&mauris=vulputate&non=nonummy&ligula=maecenas&pellentesque=tincidunt&ultrices=lacus&phasellus=at&id=velit&sapien=vivamus&in=vel&sapien=nulla&iaculis=eget&congue=eros&vivamus=elementum&metus=pellentesque&arcu=quisque&adipiscing=porta&molestie=volutpat&hendrerit=erat&at=quisque&vulputate=erat&vitae=eros&nisl=viverra&aenean=eget&lectus=congue&pellentesque=eget&eget=semper&nunc=rutrum&donec=nulla&quis=nunc&orci=purus&eget=phasellus&orci=in&vehicula=felis&condimentum=donec&curabitur=semper&in=sapien&libero=a&ut=libero&massa=nam&volutpat=dui&convallis=proin&morbi=leo&odio=odio&odio=porttitor&elementum=id&eu=consequat&interdum=in&eu=consequat&tincidunt=ut&in=nulla&leo=sed&maecenas=accumsan&pulvinar=felis&lobortis=ut&est=at&phasellus=dolor&sit=quis&amet=odio&erat=consequat&nulla=varius&tempus=integer&vivamus=ac&in=leo&felis=pellentesque&eu=ultrices&sapien=mattis&cursus=odio&vestibulum=donec&proin=vitae&eu=nisi&mi=nam', '옥주현', 0, 'http://ticketimage.interpark.com/PlayDictionary/DATA/PlayDic/PlayDicUpload/040004/07/01/0400040701_3727_011.jpg', 'http://imgur.com/elementum/eu/interdum/eu/tincidunt/in/leo.jsp?vitae=tincidunt&ipsum=nulla&aliquam=mollis&non=molestie', 52);
INSERT INTO public.artist (id, birth_date, debut_date, description, facebook_url, height, img_url, instagram_url, name, occupation, thumbnail_img_url, twitter_url, weight) VALUES (10, '1977-05-17 00:00:00.000000', '2012-03-23 00:00:00.000000', '데뷔 : 2004년 동방신기 싱글 앨범 [Hug]', 'https://mashable.com/volutpat/dui/maecenas/tristique/est/et/tempus.jpg?massa=vestibulum&donec=ante', 178, 'http://ticketimage.interpark.com/PlayDictionary/DATA/PlayDic/PlayDicUpload/040004/09/11/0400040911_18920_023.gif', 'https://php.net/augue/quam.aspx?mauris=suspendisse&sit=potenti&amet=nullam&eros=porttitor&suspendisse=lacus&accumsan=at&tortor=turpis&quis=donec&turpis=posuere&sed=metus&ante=vitae&vivamus=ipsum&tortor=aliquam&duis=non&mattis=mauris&egestas=morbi&metus=non&aenean=lectus&fermentum=aliquam&donec=sit&ut=amet&mauris=diam&eget=in&massa=magna&tempor=bibendum&convallis=imperdiet&nulla=nullam&neque=orci&libero=pede&convallis=venenatis&eget=non&eleifend=sodales&luctus=sed&ultricies=tincidunt&eu=eu&nibh=felis&quisque=fusce&id=posuere&justo=felis&sit=sed&amet=lacus&sapien=morbi&dignissim=sem&vestibulum=mauris&vestibulum=laoreet&ante=ut&ipsum=rhoncus&primis=aliquet', '김준수', 0, 'http://ticketimage.interpark.com/PlayDictionary/DATA/PlayDic/PlayDicUpload/040004/09/11/0400040911_18920_023.gif', 'https://geocities.jp/lobortis/est.js?faucibus=auctor&orci=sed&luctus=tristique&et=in&ultrices=tempus&posuere=sit&cubilia=amet&curae=sem&nulla=fusce&dapibus=consequat&dolor=nulla&vel=nisl&est=nunc&donec=nisl&odio=duis&justo=bibendum&sollicitudin=felis&ut=sed&suscipit=interdum&a=venenatis&feugiat=turpis&et=enim&eros=blandit&vestibulum=mi&ac=in&est=porttitor&lacinia=pede&nisi=justo&venenatis=eu&tristique=massa&fusce=donec&congue=dapibus&diam=duis&id=at&ornare=velit&imperdiet=eu&sapien=est&urna=congue&pretium=elementum&nisl=in&ut=hac&volutpat=habitasse&sapien=platea&arcu=dictumst&sed=morbi&augue=vestibulum&aliquam=velit&erat=id&volutpat=pretium', 63);
INSERT INTO public.artist (id, birth_date, debut_date, description, facebook_url, height, img_url, instagram_url, name, occupation, thumbnail_img_url, twitter_url, weight) VALUES (11, '1965-06-17 00:00:00.000000', '1989-11-22 00:00:00.000000', '데뷔 : 1989년 1집 앨범 [B.C 603]', 'https://hugedomains.com/a.jsp?sit=etiam&amet=faucibus&turpis=cursus&elementum=urna&ligula=ut&vehicula=tellus&consequat=nulla&morbi=ut&a=erat&ipsum=id&integer=mauris&a=vulputate&nibh=elementum&in=nullam&quis=varius&justo=nulla&maecenas=facilisi&rhoncus=cras&aliquam=non&lacus=velit&morbi=nec&quis=nisi&tortor=vulputate&id=nonummy&nulla=maecenas&ultrices=tincidunt', 169, 'http://ticketimage.interpark.com/PlayDictionary/DATA/PlayDic/PlayDicUpload/040004/07/01/0400040701_1002_011414.gif', 'http://instagram.com/mauris/ullamcorper.html?dictumst=semper&morbi=porta&vestibulum=volutpat&velit=quam&id=pede&pretium=lobortis&iaculis=ligula&diam=sit&erat=amet&fermentum=eleifend&justo=pede&nec=libero&condimentum=quis&neque=orci&sapien=nullam&placerat=molestie&ante=nibh&nulla=in&justo=lectus&aliquam=pellentesque&quis=at&turpis=nulla&eget=suspendisse&elit=potenti&sodales=cras&scelerisque=in&mauris=purus&sit=eu&amet=magna&eros=vulputate&suspendisse=luctus&accumsan=cum&tortor=sociis&quis=natoque&turpis=penatibus&sed=et&ante=magnis&vivamus=dis&tortor=parturient&duis=montes&mattis=nascetur&egestas=ridiculus&metus=mus&aenean=vivamus&fermentum=vestibulum&donec=sagittis&ut=sapien&mauris=cum&eget=sociis&massa=natoque&tempor=penatibus&convallis=et&nulla=magnis&neque=dis&libero=parturient&convallis=montes&eget=nascetur&eleifend=ridiculus&luctus=mus&ultricies=etiam&eu=vel&nibh=augue&quisque=vestibulum&id=rutrum&justo=rutrum&sit=neque&amet=aenean&sapien=auctor&dignissim=gravida&vestibulum=sem&vestibulum=praesent&ante=id&ipsum=massa&primis=id&in=nisl&faucibus=venenatis&orci=lacinia&luctus=aenean&et=sit&ultrices=amet&posuere=justo&cubilia=morbi&curae=ut&nulla=odio&dapibus=cras&dolor=mi&vel=pede&est=malesuada&donec=in&odio=imperdiet&justo=et&sollicitudin=commodo&ut=vulputate&suscipit=justo&a=in&feugiat=blandit&et=ultrices&eros=enim', '이승환', 0, 'http://ticketimage.interpark.com/PlayDictionary/DATA/PlayDic/PlayDicUpload/040004/07/01/0400040701_1002_011414.gif', 'http://squidoo.com/nibh/in/lectus/pellentesque.jsp?nunc=donec&rhoncus=quis&dui=orci&vel=eget&sem=orci&sed=vehicula&sagittis=condimentum&nam=curabitur&congue=in&risus=libero&semper=ut&porta=massa&volutpat=volutpat&quam=convallis&pede=morbi&lobortis=odio&ligula=odio&sit=elementum&amet=eu&eleifend=interdum&pede=eu&libero=tincidunt&quis=in&orci=leo&nullam=maecenas&molestie=pulvinar&nibh=lobortis&in=est&lectus=phasellus&pellentesque=sit&at=amet&nulla=erat&suspendisse=nulla&potenti=tempus&cras=vivamus&in=in&purus=felis&eu=eu&magna=sapien&vulputate=cursus&luctus=vestibulum&cum=proin&sociis=eu&natoque=mi&penatibus=nulla&et=ac&magnis=enim&dis=in&parturient=tempor&montes=turpis&nascetur=nec&ridiculus=euismod&mus=scelerisque&vivamus=quam&vestibulum=turpis&sagittis=adipiscing&sapien=lorem&cum=vitae&sociis=mattis&natoque=nibh&penatibus=ligula&et=nec&magnis=sem&dis=duis&parturient=aliquam&montes=convallis', 41);
INSERT INTO public.artist (id, birth_date, debut_date, description, facebook_url, height, img_url, instagram_url, name, occupation, thumbnail_img_url, twitter_url, weight) VALUES (12, '1970-05-15 00:00:00.000000', '1994-12-31 00:00:00.000000', '소속사 : 샘컴퍼니 데뷔 : 1994년 뮤지컬 <지하철 1호선>', 'http://unblog.fr/luctus/tincidunt/nulla/mollis/molestie/lorem/quisque.html?sapien=pharetra&cum=magna&sociis=vestibulum&natoque=aliquet&penatibus=ultrices&et=erat&magnis=tortor&dis=sollicitudin&parturient=mi&montes=sit&nascetur=amet&ridiculus=lobortis&mus=sapien&etiam=sapien&vel=non&augue=mi&vestibulum=integer&rutrum=ac&rutrum=neque&neque=duis&aenean=bibendum&auctor=morbi&gravida=non&sem=quam&praesent=nec&id=dui&massa=luctus&id=rutrum&nisl=nulla&venenatis=tellus&lacinia=in&aenean=sagittis&sit=dui&amet=vel&justo=nisl&morbi=duis&ut=ac&odio=nibh&cras=fusce&mi=lacus&pede=purus&malesuada=aliquet&in=at&imperdiet=feugiat&et=non&commodo=pretium&vulputate=quis&justo=lectus&in=suspendisse&blandit=potenti&ultrices=in&enim=eleifend&lorem=quam&ipsum=a&dolor=odio&sit=in&amet=hac&consectetuer=habitasse&adipiscing=platea&elit=dictumst&proin=maecenas&interdum=ut&mauris=massa&non=quis&ligula=augue&pellentesque=luctus&ultrices=tincidunt&phasellus=nulla&id=mollis&sapien=molestie&in=lorem&sapien=quisque&iaculis=ut&congue=erat&vivamus=curabitur&metus=gravida&arcu=nisi&adipiscing=at&molestie=nibh&hendrerit=in&at=hac&vulputate=habitasse&vitae=platea&nisl=dictumst&aenean=aliquam&lectus=augue&pellentesque=quam&eget=sollicitudin&nunc=vitae&donec=consectetuer&quis=eget&orci=rutrum&eget=at&orci=lorem&vehicula=integer&condimentum=tincidunt&curabitur=ante&in=vel&libero=ipsum', 180, 'http://ticketimage.interpark.com/PlayDictionary/DATA/PlayDic/PlayDicUpload/040004/07/01/0400040701_4210_01.jpg', 'http://google.com/ipsum/dolor/sit/amet/consectetuer/adipiscing.jsp?morbi=odio&vel=curabitur&lectus=convallis&in=duis&quam=consequat&fringilla=dui&rhoncus=nec&mauris=nisi&enim=volutpat&leo=eleifend&rhoncus=donec&sed=ut&vestibulum=dolor&sit=morbi&amet=vel&cursus=lectus&id=in&turpis=quam&integer=fringilla&aliquet=rhoncus&massa=mauris&id=enim&lobortis=leo&convallis=rhoncus&tortor=sed&risus=vestibulum&dapibus=sit&augue=amet&vel=cursus&accumsan=id&tellus=turpis&nisi=integer&eu=aliquet&orci=massa&mauris=id&lacinia=lobortis&sapien=convallis&quis=tortor&libero=risus', '황정민', 0, 'http://ticketimage.interpark.com/PlayDictionary/DATA/PlayDic/PlayDicUpload/040004/07/01/0400040701_4210_01.jpg', 'https://istockphoto.com/tincidunt/eget.jpg?pede=rutrum&venenatis=nulla&non=nunc&sodales=purus&sed=phasellus&tincidunt=in&eu=felis&felis=donec&fusce=semper&posuere=sapien&felis=a&sed=libero&lacus=nam&morbi=dui&sem=proin&mauris=leo&laoreet=odio&ut=porttitor&rhoncus=id&aliquet=consequat&pulvinar=in&sed=consequat&nisl=ut&nunc=nulla&rhoncus=sed&dui=accumsan&vel=felis&sem=ut&sed=at&sagittis=dolor&nam=quis&congue=odio&risus=consequat&semper=varius&porta=integer&volutpat=ac&quam=leo&pede=pellentesque&lobortis=ultrices&ligula=mattis&sit=odio&amet=donec&eleifend=vitae&pede=nisi&libero=nam&quis=ultrices&orci=libero&nullam=non&molestie=mattis&nibh=pulvinar&in=nulla&lectus=pede&pellentesque=ullamcorper&at=augue&nulla=a&suspendisse=suscipit&potenti=nulla&cras=elit&in=ac&purus=nulla&eu=sed&magna=vel&vulputate=enim&luctus=sit&cum=amet&sociis=nunc&natoque=viverra&penatibus=dapibus&et=nulla&magnis=suscipit&dis=ligula&parturient=in', 75);

INSERT INTO public.career (id, date, description, artist_id) VALUES (1, '2002-08-04 00:00:00.000000', '제3회 부산영화평론가협회상 신인남우상', 12);
INSERT INTO public.career (id, date, description, artist_id) VALUES (2, '2002-08-04 00:00:00.000000', '제22회 한국영화평론가협회상 신인남우상', 12);
INSERT INTO public.career (id, date, description, artist_id) VALUES (3, '2002-08-04 00:00:00.000000', '제5회 디렉터스 컷 시상식 신인남우상', 12);
INSERT INTO public.career (id, date, description, artist_id) VALUES (4, '2005-08-04 00:00:00.000000', '제42회 대종상 영화제 남우조연상', 12);
INSERT INTO public.career (id, date, description, artist_id) VALUES (5, '2005-08-04 00:00:00.000000', '제26회 청룡영화상 남우주연상', 12);
INSERT INTO public.career (id, date, description, artist_id) VALUES (6, '2009-08-04 00:00:00.000000', '2008 골든티켓 어워즈 연극부문 티켓파워 남자배우 1위', 12);
INSERT INTO public.career (id, date, description, artist_id) VALUES (7, '2011-08-04 00:00:00.000000', '대통령 표창', 12);
INSERT INTO public.career (id, date, description, artist_id) VALUES (8, '1985-08-04 00:00:00.000000', 'MBC 라디오부문 연기대상 우수상', 1);
INSERT INTO public.career (id, date, description, artist_id) VALUES (9, '1993-08-04 00:00:00.000000', '골든디스크상', 1);
INSERT INTO public.career (id, date, description, artist_id) VALUES (10, '1996-08-04 00:00:00.000000', 'MBC 라디오 골든마우스상', 1);
INSERT INTO public.career (id, date, description, artist_id) VALUES (11, '2003-08-04 00:00:00.000000', '제2회 스타선행대상', 1);
INSERT INTO public.career (id, date, description, artist_id) VALUES (12, '2007-08-04 00:00:00.000000', 'MBC 골든마우스상', 1);
INSERT INTO public.career (id, date, description, artist_id) VALUES (13, '2008-08-04 00:00:00.000000', 'MBC 연기대상 라디오부문 최우수상', 1);
INSERT INTO public.career (id, date, description, artist_id) VALUES (14, '2008-08-04 00:00:00.000000', '대한민국연극대상 여자신인연기상(신의 아그네스)', 2);
INSERT INTO public.career (id, date, description, artist_id) VALUES (15, '2005-08-04 00:00:00.000000', '제42회 대종상 영화제 남우조연상', 3);
INSERT INTO public.career (id, date, description, artist_id) VALUES (16, '2005-08-04 00:00:00.000000', '제26회 청룡영화상 남우주연상', 3);
INSERT INTO public.career (id, date, description, artist_id) VALUES (17, '2002-08-04 00:00:00.000000', '제3회 부산영화평론가협회상 신인남우상', 4);
INSERT INTO public.career (id, date, description, artist_id) VALUES (18, '2002-08-04 00:00:00.000000', '제22회 한국영화평론가협회상 신인남우상', 4);
INSERT INTO public.career (id, date, description, artist_id) VALUES (19, '2002-08-04 00:00:00.000000', '제5회 디렉터스 컷 시상식 신인남우상', 4);
INSERT INTO public.career (id, date, description, artist_id) VALUES (20, '2005-08-04 00:00:00.000000', '제42회 대종상 영화제 남우조연상', 4);
INSERT INTO public.career (id, date, description, artist_id) VALUES (21, '2005-08-04 00:00:00.000000', '제26회 청룡영화상 남우주연상', 4);
INSERT INTO public.career (id, date, description, artist_id) VALUES (22, '2009-08-04 00:00:00.000000', '2008 골든티켓 어워즈 연극부문 티켓파워 남자배우 1위', 4);
INSERT INTO public.career (id, date, description, artist_id) VALUES (23, '2011-08-04 00:00:00.000000', '대통령 표창', 4);
INSERT INTO public.career (id, date, description, artist_id) VALUES (24, '2005-08-04 00:00:00.000000', '동랑예술제 남자부문 연기상', 5);
INSERT INTO public.career (id, date, description, artist_id) VALUES (25, '2009-08-04 00:00:00.000000', '제1회 대구국제뮤지컬페스티벌 신인상', 5);
INSERT INTO public.career (id, date, description, artist_id) VALUES (26, '2011-08-04 00:00:00.000000', '제15회 한국뮤지컬대상 남우주연상', 5);
INSERT INTO public.career (id, date, description, artist_id) VALUES (27, '2017-08-04 00:00:00.000000', '제32회 골든디스크 어워즈 음반 부문 본상', 6);
INSERT INTO public.career (id, date, description, artist_id) VALUES (28, '2018-08-04 00:00:00.000000', '제7회 가온차트 뮤직 어워즈 팬 투표 인기상', 6);
INSERT INTO public.career (id, date, description, artist_id) VALUES (29, '2018-08-04 00:00:00.000000', '제26회 하이원 서울가요대상 본상', 6);
INSERT INTO public.career (id, date, description, artist_id) VALUES (30, '2017-08-04 00:00:00.000000', '제32회 골든디스크 어워즈 음반 부문 본상', 8);
INSERT INTO public.career (id, date, description, artist_id) VALUES (31, '2018-08-04 00:00:00.000000', '제7회 가온차트 뮤직 어워즈 팬 투표 인기상', 8);
INSERT INTO public.career (id, date, description, artist_id) VALUES (32, '2018-08-04 00:00:00.000000', '제26회 하이원 서울가요대상 본상', 8);
INSERT INTO public.career (id, date, description, artist_id) VALUES (33, '1998-08-04 00:00:00.000000', 'SBS 가요제전 대상', 9);
INSERT INTO public.career (id, date, description, artist_id) VALUES (34, '2000-08-04 00:00:00.000000', 'MBC 10대가수가요제 청소년부문상', 9);
INSERT INTO public.career (id, date, description, artist_id) VALUES (35, '2008-08-04 00:00:00.000000', 'MBC 연기대상 라디오부문 최우수상', 9);
INSERT INTO public.career (id, date, description, artist_id) VALUES (36, '2012-08-04 00:00:00.000000', '제6회 골든티켓어워즈 뮤지컬 여자배우상', 9);
INSERT INTO public.career (id, date, description, artist_id) VALUES (37, '2013-08-04 00:00:00.000000', '제7회 딤프 어워즈 올해의 스타상', 9);
INSERT INTO public.career (id, date, description, artist_id) VALUES (38, '2016-08-04 00:00:00.000000', '제5회 예그린뮤지컬어워드 여자인기상', 9);
INSERT INTO public.career (id, date, description, artist_id) VALUES (39, '2017-08-04 00:00:00.000000', '제32회 골든디스크 어워즈 음반 부문 본상', 10);
INSERT INTO public.career (id, date, description, artist_id) VALUES (40, '2018-08-04 00:00:00.000000', '제7회 가온차트 뮤직 어워즈 팬 투표 인기상', 10);
INSERT INTO public.career (id, date, description, artist_id) VALUES (41, '2018-08-04 00:00:00.000000', '제26회 하이원 서울가요대상 본상', 10);

INSERT INTO public.comment (id, content, created_date_time, modified_date_time, type, user_id, product_id) VALUES (1, '좋았어요.', '2019-06-15 00:00:00.000000', '2020-07-05 00:00:00.000000', 1, 1, 9);
INSERT INTO public.comment (id, content, created_date_time, modified_date_time, type, user_id, product_id) VALUES (2, '좋았어요.', '2018-10-31 00:00:00.000000', '2020-02-18 00:00:00.000000', 2, 4, 12);
INSERT INTO public.comment (id, content, created_date_time, modified_date_time, type, user_id, product_id) VALUES (3, '좋았어요.', '2013-11-08 00:00:00.000000', '2020-05-03 00:00:00.000000', 0, 5, 5);
INSERT INTO public.comment (id, content, created_date_time, modified_date_time, type, user_id, product_id) VALUES (4, '좋았어요.', '2016-07-21 00:00:00.000000', '2020-04-14 00:00:00.000000', 2, 5, 2);
INSERT INTO public.comment (id, content, created_date_time, modified_date_time, type, user_id, product_id) VALUES (5, '좋았어요.', '2019-06-13 00:00:00.000000', '2020-05-05 00:00:00.000000', 1, 5, 7);
INSERT INTO public.comment (id, content, created_date_time, modified_date_time, type, user_id, product_id) VALUES (6, '좋았어요.', '2013-06-10 00:00:00.000000', '2020-03-25 00:00:00.000000', 0, 5, 11);
INSERT INTO public.comment (id, content, created_date_time, modified_date_time, type, user_id, product_id) VALUES (7, '좋았어요.', '2015-11-02 00:00:00.000000', '2020-05-10 00:00:00.000000', 1, 1, 15);
INSERT INTO public.comment (id, content, created_date_time, modified_date_time, type, user_id, product_id) VALUES (8, '좋았어요.', '2014-05-22 00:00:00.000000', '2020-02-28 00:00:00.000000', 1, 3, 14);
INSERT INTO public.comment (id, content, created_date_time, modified_date_time, type, user_id, product_id) VALUES (9, '좋았어요.', '2019-02-15 00:00:00.000000', '2020-01-14 00:00:00.000000', 2, 2, 10);
INSERT INTO public.comment (id, content, created_date_time, modified_date_time, type, user_id, product_id) VALUES (10, '좋았어요.', '2010-08-08 00:00:00.000000', '2019-12-31 00:00:00.000000', 2, 1, 14);
INSERT INTO public.comment (id, content, created_date_time, modified_date_time, type, user_id, product_id) VALUES (11, '좋았어요.', '2011-05-13 00:00:00.000000', '2020-05-19 00:00:00.000000', 2, 4, 16);
INSERT INTO public.comment (id, content, created_date_time, modified_date_time, type, user_id, product_id) VALUES (12, '좋았어요.', '2014-12-06 00:00:00.000000', '2020-01-30 00:00:00.000000', 2, 4, 11);
INSERT INTO public.comment (id, content, created_date_time, modified_date_time, type, user_id, product_id) VALUES (13, '좋았어요.', '2012-05-30 00:00:00.000000', '2019-12-13 00:00:00.000000', 1, 1, 3);
INSERT INTO public.comment (id, content, created_date_time, modified_date_time, type, user_id, product_id) VALUES (14, '최고!!!!', '2010-07-08 00:00:00.000000', '2020-05-29 00:00:00.000000', 2, 1, 9);
INSERT INTO public.comment (id, content, created_date_time, modified_date_time, type, user_id, product_id) VALUES (15, '최고!!!!', '2011-07-08 00:00:00.000000', '2020-06-19 00:00:00.000000', 0, 1, 1);
INSERT INTO public.comment (id, content, created_date_time, modified_date_time, type, user_id, product_id) VALUES (16, '최고!!!!', '2013-05-17 00:00:00.000000', '2019-10-17 00:00:00.000000', 2, 5, 2);
INSERT INTO public.comment (id, content, created_date_time, modified_date_time, type, user_id, product_id) VALUES (17, '최고!!!!', '2013-01-18 00:00:00.000000', '2020-04-18 00:00:00.000000', 2, 4, 16);
INSERT INTO public.comment (id, content, created_date_time, modified_date_time, type, user_id, product_id) VALUES (18, '최고!!!!', '2018-07-06 00:00:00.000000', '2020-02-22 00:00:00.000000', 2, 1, 9);
INSERT INTO public.comment (id, content, created_date_time, modified_date_time, type, user_id, product_id) VALUES (19, '최고!!!!', '2014-04-11 00:00:00.000000', '2019-11-22 00:00:00.000000', 2, 1, 4);
INSERT INTO public.comment (id, content, created_date_time, modified_date_time, type, user_id, product_id) VALUES (20, '최고!!!!', '2018-12-26 00:00:00.000000', '2020-04-06 00:00:00.000000', 1, 5, 14);
INSERT INTO public.comment (id, content, created_date_time, modified_date_time, type, user_id, product_id) VALUES (21, '최고!!!!', '2011-04-25 00:00:00.000000', '2020-04-28 00:00:00.000000', 0, 3, 14);
INSERT INTO public.comment (id, content, created_date_time, modified_date_time, type, user_id, product_id) VALUES (22, '최고!!!!', '2011-07-26 00:00:00.000000', '2019-10-20 00:00:00.000000', 1, 5, 2);
INSERT INTO public.comment (id, content, created_date_time, modified_date_time, type, user_id, product_id) VALUES (23, '최고!!!!', '2011-09-30 00:00:00.000000', '2020-03-14 00:00:00.000000', 0, 1, 16);
INSERT INTO public.comment (id, content, created_date_time, modified_date_time, type, user_id, product_id) VALUES (24, '최고!!!!', '2016-08-01 00:00:00.000000', '2019-08-03 00:00:00.000000', 0, 1, 6);
INSERT INTO public.comment (id, content, created_date_time, modified_date_time, type, user_id, product_id) VALUES (25, '또 가보고 싶어요.', '2019-03-02 00:00:00.000000', '2019-08-13 00:00:00.000000', 0, 5, 10);
INSERT INTO public.comment (id, content, created_date_time, modified_date_time, type, user_id, product_id) VALUES (26, '또 가보고 싶어요.', '2013-10-22 00:00:00.000000', '2019-11-05 00:00:00.000000', 0, 1, 13);
INSERT INTO public.comment (id, content, created_date_time, modified_date_time, type, user_id, product_id) VALUES (27, '또 가보고 싶어요.', '2011-06-26 00:00:00.000000', '2020-04-12 00:00:00.000000', 0, 3, 14);
INSERT INTO public.comment (id, content, created_date_time, modified_date_time, type, user_id, product_id) VALUES (28, '또 가보고 싶어요.', '2011-11-20 00:00:00.000000', '2020-02-12 00:00:00.000000', 2, 2, 10);
INSERT INTO public.comment (id, content, created_date_time, modified_date_time, type, user_id, product_id) VALUES (29, '또 가보고 싶어요.', '2015-01-07 00:00:00.000000', '2020-05-30 00:00:00.000000', 0, 3, 5);
INSERT INTO public.comment (id, content, created_date_time, modified_date_time, type, user_id, product_id) VALUES (30, '또 가보고 싶어요.', '2016-09-13 00:00:00.000000', '2020-01-12 00:00:00.000000', 0, 3, 5);
INSERT INTO public.comment (id, content, created_date_time, modified_date_time, type, user_id, product_id) VALUES (31, '또 가보고 싶어요.', '2016-07-16 00:00:00.000000', '2019-11-18 00:00:00.000000', 0, 1, 2);
INSERT INTO public.comment (id, content, created_date_time, modified_date_time, type, user_id, product_id) VALUES (32, '실망....', '2011-12-10 00:00:00.000000', '2020-02-12 00:00:00.000000', 2, 4, 7);
INSERT INTO public.comment (id, content, created_date_time, modified_date_time, type, user_id, product_id) VALUES (33, '실망....', '2017-01-06 00:00:00.000000', '2020-02-08 00:00:00.000000', 0, 3, 7);
INSERT INTO public.comment (id, content, created_date_time, modified_date_time, type, user_id, product_id) VALUES (34, '실망....', '2017-02-22 00:00:00.000000', '2020-01-02 00:00:00.000000', 0, 4, 13);
INSERT INTO public.comment (id, content, created_date_time, modified_date_time, type, user_id, product_id) VALUES (35, '실망....', '2011-12-29 00:00:00.000000', '2020-06-12 00:00:00.000000', 2, 4, 8);
INSERT INTO public.comment (id, content, created_date_time, modified_date_time, type, user_id, product_id) VALUES (36, '실망....', '2012-02-19 00:00:00.000000', '2020-03-26 00:00:00.000000', 0, 3, 11);
INSERT INTO public.comment (id, content, created_date_time, modified_date_time, type, user_id, product_id) VALUES (37, '괜찮았어요.', '2016-12-12 00:00:00.000000', '2019-10-09 00:00:00.000000', 1, 3, 2);
INSERT INTO public.comment (id, content, created_date_time, modified_date_time, type, user_id, product_id) VALUES (38, '괜찮았어요.', '2018-02-04 00:00:00.000000', '2020-04-27 00:00:00.000000', 1, 5, 1);
INSERT INTO public.comment (id, content, created_date_time, modified_date_time, type, user_id, product_id) VALUES (39, '괜찮았어요.', '2011-09-16 00:00:00.000000', '2020-05-23 00:00:00.000000', 2, 1, 1);
INSERT INTO public.comment (id, content, created_date_time, modified_date_time, type, user_id, product_id) VALUES (40, '괜찮았어요.', '2012-10-17 00:00:00.000000', '2019-12-11 00:00:00.000000', 0, 2, 13);
INSERT INTO public.comment (id, content, created_date_time, modified_date_time, type, user_id, product_id) VALUES (41, '괜찮았어요.', '2011-04-26 00:00:00.000000', '2020-03-07 00:00:00.000000', 1, 5, 10);
INSERT INTO public.comment (id, content, created_date_time, modified_date_time, type, user_id, product_id) VALUES (42, '괜찮았어요.', '2011-03-05 00:00:00.000000', '2019-09-10 00:00:00.000000', 0, 4, 14);
INSERT INTO public.comment (id, content, created_date_time, modified_date_time, type, user_id, product_id) VALUES (43, '괜찮았어요.', '2018-10-11 00:00:00.000000', '2019-12-27 00:00:00.000000', 2, 3, 14);
INSERT INTO public.comment (id, content, created_date_time, modified_date_time, type, user_id, product_id) VALUES (44, '괜찮았어요.', '2017-03-17 00:00:00.000000', '2019-09-21 00:00:00.000000', 0, 2, 5);
INSERT INTO public.comment (id, content, created_date_time, modified_date_time, type, user_id, product_id) VALUES (45, '괜찮았어요.', '2012-06-03 00:00:00.000000', '2019-09-03 00:00:00.000000', 0, 1, 10);
INSERT INTO public.comment (id, content, created_date_time, modified_date_time, type, user_id, product_id) VALUES (46, '괜찮았어요.', '2012-04-20 00:00:00.000000', '2020-02-08 00:00:00.000000', 1, 3, 2);
INSERT INTO public.comment (id, content, created_date_time, modified_date_time, type, user_id, product_id) VALUES (47, '괜찮았어요.', '2017-06-09 00:00:00.000000', '2019-08-15 00:00:00.000000', 0, 1, 3);
INSERT INTO public.comment (id, content, created_date_time, modified_date_time, type, user_id, product_id) VALUES (48, '괜찮았어요.', '2015-09-19 00:00:00.000000', '2020-07-07 00:00:00.000000', 1, 1, 11);
INSERT INTO public.comment (id, content, created_date_time, modified_date_time, type, user_id, product_id) VALUES (49, '최고로 실망...', '2012-07-18 00:00:00.000000', '2020-04-29 00:00:00.000000', 1, 3, 4);
INSERT INTO public.comment (id, content, created_date_time, modified_date_time, type, user_id, product_id) VALUES (50, '최고로 실망...', '2017-08-03 00:00:00.000000', '2019-11-15 00:00:00.000000', 2, 1, 8);
INSERT INTO public.comment (id, content, created_date_time, modified_date_time, type, user_id, product_id) VALUES (51, '최고로 실망...', '2014-08-07 00:00:00.000000', '2019-10-16 00:00:00.000000', 1, 3, 11);
INSERT INTO public.comment (id, content, created_date_time, modified_date_time, type, user_id, product_id) VALUES (52, '최고로 실망....', '2015-09-18 00:00:00.000000', '2020-06-05 00:00:00.000000', 2, 3, 2);
INSERT INTO public.comment (id, content, created_date_time, modified_date_time, type, user_id, product_id) VALUES (53, '최고로 실망...', '2011-07-03 00:00:00.000000', '2020-03-29 00:00:00.000000', 1, 4, 12);
INSERT INTO public.comment (id, content, created_date_time, modified_date_time, type, user_id, product_id) VALUES (54, '최고로 실망...', '2018-12-18 00:00:00.000000', '2019-10-11 00:00:00.000000', 0, 1, 12);
INSERT INTO public.comment (id, content, created_date_time, modified_date_time, type, user_id, product_id) VALUES (55, '최고로 실망...', '2015-08-23 00:00:00.000000', '2020-02-11 00:00:00.000000', 1, 5, 12);
INSERT INTO public.comment (id, content, created_date_time, modified_date_time, type, user_id, product_id) VALUES (56, '최고로 실망...', '2018-10-09 00:00:00.000000', '2019-12-25 00:00:00.000000', 2, 3, 13);
INSERT INTO public.comment (id, content, created_date_time, modified_date_time, type, user_id, product_id) VALUES (57, '최고로 실망....', '2016-11-18 00:00:00.000000', '2020-03-14 00:00:00.000000', 2, 2, 15);
INSERT INTO public.comment (id, content, created_date_time, modified_date_time, type, user_id, product_id) VALUES (58, '최고로 실망...vallis nunc.', '2011-08-04 00:00:00.000000', '2019-11-06 00:00:00.000000', 1, 2, 11);
INSERT INTO public.comment (id, content, created_date_time, modified_date_time, type, user_id, product_id) VALUES (59, '최고로 실망...o.', '2018-06-22 00:00:00.000000', '2020-05-31 00:00:00.000000', 2, 3, 6);
INSERT INTO public.comment (id, content, created_date_time, modified_date_time, type, user_id, product_id) VALUES (60, '최고로 실망...', '2015-11-14 00:00:00.000000', '2020-06-03 00:00:00.000000', 2, 5, 12);
INSERT INTO public.comment (id, content, created_date_time, modified_date_time, type, user_id, product_id) VALUES (61, '가격대비 약간은 실망이었어요.', '2013-08-04 00:00:00.000000', '2019-10-29 00:00:00.000000', 1, 1, 12);
INSERT INTO public.comment (id, content, created_date_time, modified_date_time, type, user_id, product_id) VALUES (62, '가격대비 약간은 실망이었어요', '2017-12-09 00:00:00.000000', '2020-01-28 00:00:00.000000', 2, 3, 13);
INSERT INTO public.comment (id, content, created_date_time, modified_date_time, type, user_id, product_id) VALUES (63, '가격대비 약간은 실망이었어요.', '2016-06-23 00:00:00.000000', '2019-08-29 00:00:00.000000', 0, 2, 12);
INSERT INTO public.comment (id, content, created_date_time, modified_date_time, type, user_id, product_id) VALUES (64, '가격대비 약간은 실망이었어요', '2011-05-18 00:00:00.000000', '2019-11-26 00:00:00.000000', 0, 1, 12);
INSERT INTO public.comment (id, content, created_date_time, modified_date_time, type, user_id, product_id) VALUES (65, '가격대비 약간은 실망이었어요.', '2012-05-21 00:00:00.000000', '2019-10-09 00:00:00.000000', 1, 3, 15);
INSERT INTO public.comment (id, content, created_date_time, modified_date_time, type, user_id, product_id) VALUES (66, '가격대비 약간은 실망이었어요.', '2013-10-15 00:00:00.000000', '2019-10-22 00:00:00.000000', 2, 1, 12);
INSERT INTO public.comment (id, content, created_date_time, modified_date_time, type, user_id, product_id) VALUES (67, '가격대비 약간은 실망이었어요', '2015-08-23 00:00:00.000000', '2020-01-03 00:00:00.000000', 0, 3, 5);
INSERT INTO public.comment (id, content, created_date_time, modified_date_time, type, user_id, product_id) VALUES (68, '가격대비 약간은 실망이었어요.', '2016-03-26 00:00:00.000000', '2019-11-25 00:00:00.000000', 1, 4, 2);
INSERT INTO public.comment (id, content, created_date_time, modified_date_time, type, user_id, product_id) VALUES (69, '가격대비 약간은 실망이었어요.', '2013-01-07 00:00:00.000000', '2020-03-14 00:00:00.000000', 1, 1, 13);
INSERT INTO public.comment (id, content, created_date_time, modified_date_time, type, user_id, product_id) VALUES (70, '가격대비 약간은 실망이었어요', '2013-01-18 00:00:00.000000', '2020-04-27 00:00:00.000000', 0, 3, 11);
INSERT INTO public.comment (id, content, created_date_time, modified_date_time, type, user_id, product_id) VALUES (71, '가격대비 약간은 실망이었어요.', '2015-07-13 00:00:00.000000', '2019-08-13 00:00:00.000000', 2, 1, 1);
INSERT INTO public.comment (id, content, created_date_time, modified_date_time, type, user_id, product_id) VALUES (72, '가격대비 약간은 실망이었어요', '2016-06-08 00:00:00.000000', '2019-08-23 00:00:00.000000', 2, 5, 10);
INSERT INTO public.comment (id, content, created_date_time, modified_date_time, type, user_id, product_id) VALUES (73, '가격대비 약간은 실망이었어요', '2017-01-02 00:00:00.000000', '2020-06-30 00:00:00.000000', 2, 3, 14);
INSERT INTO public.comment (id, content, created_date_time, modified_date_time, type, user_id, product_id) VALUES (74, '가격대비 약간은 실망이었어요', '2012-04-09 00:00:00.000000', '2019-12-15 00:00:00.000000', 0, 2, 10);
INSERT INTO public.comment (id, content, created_date_time, modified_date_time, type, user_id, product_id) VALUES (75, '가격대비 약간은 실망이었어요.', '2014-12-02 00:00:00.000000', '2020-05-17 00:00:00.000000', 0, 1, 4);
INSERT INTO public.comment (id, content, created_date_time, modified_date_time, type, user_id, product_id) VALUES (76, '가격대비 약간은 실망이었어요', '2015-10-28 00:00:00.000000', '2020-06-13 00:00:00.000000', 2, 1, 11);
INSERT INTO public.comment (id, content, created_date_time, modified_date_time, type, user_id, product_id) VALUES (77, '가격대비 약간은 실망이었어요', '2011-03-07 00:00:00.000000', '2020-03-10 00:00:00.000000', 1, 1, 9);
INSERT INTO public.comment (id, content, created_date_time, modified_date_time, type, user_id, product_id) VALUES (78, '가격대비 약간은 실망이었어요.', '2011-02-20 00:00:00.000000', '2019-11-09 00:00:00.000000', 2, 4, 4);
INSERT INTO public.comment (id, content, created_date_time, modified_date_time, type, user_id, product_id) VALUES (79, '가격대비 약간은 실망이었어요', '2015-09-08 00:00:00.000000', '2020-02-21 00:00:00.000000', 0, 3, 16);
INSERT INTO public.comment (id, content, created_date_time, modified_date_time, type, user_id, product_id) VALUES (80, '가격대비 약간은 실망이었어요', '2014-11-11 00:00:00.000000', '2019-10-18 00:00:00.000000', 1, 4, 9);
INSERT INTO public.comment (id, content, created_date_time, modified_date_time, type, user_id, product_id) VALUES (81, 'Cras non velit nec nisi vulputate nonummy.', '2012-09-16 00:00:00.000000', '2020-03-23 00:00:00.000000', 1, 3, 15);
INSERT INTO public.comment (id, content, created_date_time, modified_date_time, type, user_id, product_id) VALUES (82, 'Maecenas pulvinar lobortis est.', '2014-11-03 00:00:00.000000', '2019-08-16 00:00:00.000000', 0, 2, 8);
INSERT INTO public.comment (id, content, created_date_time, modified_date_time, type, user_id, product_id) VALUES (83, 'Maecenas tincidunt lacus at velit.', '2010-12-22 00:00:00.000000', '2019-12-27 00:00:00.000000', 0, 3, 8);
INSERT INTO public.comment (id, content, created_date_time, modified_date_time, type, user_id, product_id) VALUES (84, '가격대비 약간은 실망이었어요.', '2016-02-10 00:00:00.000000', '2019-10-22 00:00:00.000000', 1, 5, 5);
INSERT INTO public.comment (id, content, created_date_time, modified_date_time, type, user_id, product_id) VALUES (85, 'Nunc nisl.', '2013-06-05 00:00:00.000000', '2020-06-03 00:00:00.000000', 2, 3, 16);
INSERT INTO public.comment (id, content, created_date_time, modified_date_time, type, user_id, product_id) VALUES (86, '가격대비 약간은 실망이었어요', '2012-09-14 00:00:00.000000', '2019-12-16 00:00:00.000000', 1, 3, 12);
INSERT INTO public.comment (id, content, created_date_time, modified_date_time, type, user_id, product_id) VALUES (87, '가격대비 약간은 실망이었어요', '2015-05-27 00:00:00.000000', '2019-11-21 00:00:00.000000', 2, 4, 11);
INSERT INTO public.comment (id, content, created_date_time, modified_date_time, type, user_id, product_id) VALUES (88, '재미남..', '2011-07-03 00:00:00.000000', '2019-08-20 00:00:00.000000', 1, 5, 8);
INSERT INTO public.comment (id, content, created_date_time, modified_date_time, type, user_id, product_id) VALUES (89, '가격대비 약간은 실망이었어요.', '2012-11-12 00:00:00.000000', '2019-12-15 00:00:00.000000', 0, 5, 8);
INSERT INTO public.comment (id, content, created_date_time, modified_date_time, type, user_id, product_id) VALUES (90, '가격대비 약간은 실망이었어요.', '2010-08-17 00:00:00.000000', '2020-04-16 00:00:00.000000', 1, 2, 9);
INSERT INTO public.comment (id, content, created_date_time, modified_date_time, type, user_id, product_id) VALUES (91, '재미남..', '2014-11-25 00:00:00.000000', '2020-03-11 00:00:00.000000', 1, 2, 15);
INSERT INTO public.comment (id, content, created_date_time, modified_date_time, type, user_id, product_id) VALUES (92, '재미남...', '2014-11-16 00:00:00.000000', '2019-11-09 00:00:00.000000', 2, 5, 3);
INSERT INTO public.comment (id, content, created_date_time, modified_date_time, type, user_id, product_id) VALUES (93, '재미남...', '2017-05-04 00:00:00.000000', '2019-11-16 00:00:00.000000', 2, 4, 11);
INSERT INTO public.comment (id, content, created_date_time, modified_date_time, type, user_id, product_id) VALUES (94, '재미남..', '2014-08-13 00:00:00.000000', '2019-09-15 00:00:00.000000', 1, 5, 16);
INSERT INTO public.comment (id, content, created_date_time, modified_date_time, type, user_id, product_id) VALUES (95, '재미남...', '2015-05-22 00:00:00.000000', '2019-11-15 00:00:00.000000', 2, 4, 13);
INSERT INTO public.comment (id, content, created_date_time, modified_date_time, type, user_id, product_id) VALUES (96, '재미남...', '2015-08-02 00:00:00.000000', '2019-08-24 00:00:00.000000', 2, 4, 4);
INSERT INTO public.comment (id, content, created_date_time, modified_date_time, type, user_id, product_id) VALUES (97, '재미남...', '2011-12-26 00:00:00.000000', '2019-12-07 00:00:00.000000', 0, 4, 15);
INSERT INTO public.comment (id, content, created_date_time, modified_date_time, type, user_id, product_id) VALUES (98, '재미남.. a odio.', '2016-08-30 00:00:00.000000', '2019-08-18 00:00:00.000000', 1, 1, 13);
INSERT INTO public.comment (id, content, created_date_time, modified_date_time, type, user_id, product_id) VALUES (99, '재미남...', '2018-12-16 00:00:00.000000', '2020-03-30 00:00:00.000000', 2, 4, 10);
INSERT INTO public.comment (id, content, created_date_time, modified_date_time, type, user_id, product_id) VALUES (100, '재미남.. elit.', '2014-03-24 00:00:00.000000', '2019-10-12 00:00:00.000000', 0, 2, 2);
INSERT INTO public.comment (id, content, created_date_time, modified_date_time, type, user_id, product_id) VALUES (153, '정말 재밌을 것 같아요!! 3년을 기다렸습니다.', '2020-08-18 01:32:52.540000', '2020-08-18 01:32:52.540000', 1, 25, 4);
INSERT INTO public.comment (id, content, created_date_time, modified_date_time, type, user_id, product_id) VALUES (154, '너무 슬퍼요', '2020-08-18 02:46:34.670000', '2020-08-18 02:46:34.670000', 0, 32, 4);


INSERT INTO public.product_artist (artist_id, product_id) VALUES (1, 1);
INSERT INTO public.product_artist (artist_id, product_id) VALUES (1, 2);
INSERT INTO public.product_artist (artist_id, product_id) VALUES (1, 3);
INSERT INTO public.product_artist (artist_id, product_id) VALUES (11, 4);
INSERT INTO public.product_artist (artist_id, product_id) VALUES (11, 5);
INSERT INTO public.product_artist (artist_id, product_id) VALUES (11, 6);
INSERT INTO public.product_artist (artist_id, product_id) VALUES (11, 7);
INSERT INTO public.product_artist (artist_id, product_id) VALUES (6, 8);
INSERT INTO public.product_artist (artist_id, product_id) VALUES (7, 9);
INSERT INTO public.product_artist (artist_id, product_id) VALUES (7, 10);
INSERT INTO public.product_artist (artist_id, product_id) VALUES (7, 11);
INSERT INTO public.product_artist (artist_id, product_id) VALUES (8, 12);
INSERT INTO public.product_artist (artist_id, product_id) VALUES (8, 13);
INSERT INTO public.product_artist (artist_id, product_id) VALUES (2, 14);
INSERT INTO public.product_artist (artist_id, product_id) VALUES (3, 14);
INSERT INTO public.product_artist (artist_id, product_id) VALUES (4, 14);
INSERT INTO public.product_artist (artist_id, product_id) VALUES (5, 14);
INSERT INTO public.product_artist (artist_id, product_id) VALUES (9, 14);
INSERT INTO public.product_artist (artist_id, product_id) VALUES (12, 14);

INSERT INTO public.promotion (id, promotion_img_url, product_id) VALUES (1, 'http://ticketimage.interpark.com/TCMS3.0/MD/BANNER/2005/200522083534_20004168.gif', 16);
INSERT INTO public.promotion (id, promotion_img_url, product_id) VALUES (2, 'http://ticketimage.interpark.com/TCMS3.0/MD/BANNER/2006/200623081117_20004628.gif', 17);
INSERT INTO public.promotion (id, promotion_img_url, product_id) VALUES (3, 'http://ticketimage.interpark.com/TCMS3.0/MD/BANNER/2005/200518033258_20004039.gif', 18);
INSERT INTO public.promotion (id, promotion_img_url, product_id) VALUES (4, 'http://ticketimage.interpark.com/TCMS3.0/MD/BANNER/2007/200708100324_20005207.gif', 19);
INSERT INTO public.promotion (id, promotion_img_url, product_id) VALUES (5, 'http://ticketimage.interpark.com/TCMS3.0/MD/BANNER/2007/200730025615_20005700.gif', 20);

INSERT INTO public.theme (id, type, product_id) VALUES (1, 0, 3);
INSERT INTO public.theme (id, type, product_id) VALUES (2, 0, 1);
INSERT INTO public.theme (id, type, product_id) VALUES (3, 1, 4);
INSERT INTO public.theme (id, type, product_id) VALUES (4, 0, 5);
INSERT INTO public.theme (id, type, product_id) VALUES (5, 1, 1);
INSERT INTO public.theme (id, type, product_id) VALUES (6, 1, 8);
INSERT INTO public.theme (id, type, product_id) VALUES (7, 1, 11);
INSERT INTO public.theme (id, type, product_id) VALUES (8, 0, 7);
INSERT INTO public.theme (id, type, product_id) VALUES (9, 1, 15);
INSERT INTO public.theme (id, type, product_id) VALUES (10, 1, 6);
INSERT INTO public.theme (id, type, product_id) VALUES (11, 2, 8);
INSERT INTO public.theme (id, type, product_id) VALUES (12, 2, 1);
INSERT INTO public.theme (id, type, product_id) VALUES (13, 1, 7);
INSERT INTO public.theme (id, type, product_id) VALUES (14, 1, 5);
INSERT INTO public.theme (id, type, product_id) VALUES (15, 0, 3);
INSERT INTO public.theme (id, type, product_id) VALUES (16, 0, 6);
INSERT INTO public.theme (id, type, product_id) VALUES (17, 1, 5);
INSERT INTO public.theme (id, type, product_id) VALUES (18, 0, 1);
INSERT INTO public.theme (id, type, product_id) VALUES (19, 2, 4);
INSERT INTO public.theme (id, type, product_id) VALUES (20, 0, 9);